soru_metni,sik_a,sik_b,sik_c,sik_d,sik_e,dogru_cevap,zorluk,konular,aciklama,ders_ad
"“Yazdıkların kime hitap ediyor?” sorusuna verilmiş net bir cevabım yok. Bir iyelik ekiyle “okurlarım” demeyi de faydalarına işaret ediyor (dikkat çekiyor). Açık doğrusu beni hiç okumamış olanlara bir saygısızlık I olarak değerlendiriyorum. Ancak yine de boşluğa alanlarda vakit geçirmenin ruh sağlığı üzerinde yazdığımı söyleyemiyorum. Bu parçanın yazarı, altı çizili sözle hangi özelliğine koruyucu (önleyici) bir etkisi olduğunu, bu durumun vurgu yapmaktadır? II aynı zamanda ruhsal direnci (dayanıklılığı) III ürettiğine artıracağını söylüyor. Araştırmacıların bulguları ışığında (kılavuzluğund IV doğayla temasın sağlanacağı unsurların bu planlara C)Seçtiği temalarla mevcut ve potansiyel okurlarını ayrıştırdığına dâhil edilmesinin (içine katılmasının) önemi V D)Sahiplendiği okurların duyarlılığını eserleriyle ortaya çıkıyor. geliştirmeye çalıştığına Bu parçada numaralanmış sözlerden hangisinin anlamı parantez ( ) içinde verilen açıklamayla amaçladığına uyuşmamaktadır?",Eserlerini zihninde tasarladığı bir kitleye yönelik olarak,Eserleriyle her düzeyde okur kitlesine seslenmeyi,,,Yazılarıyla bütün okurların beğenisini kazanmayı,,,TYT Türkçe,,Türkçe
"Deyimlerin bir kısmı gözle ilgilidir. Örneğin gözü ısırmak deyimiyle o kişiyi daha önce görmüş 2. Kimi yazarlar romanın toplum hayatındaki aksaklıkların I ortadan kalkmasına yardım etmesini, ---- isterken kimileri olduğumuzu ve tanıdığımızı anlatmak isteriz. ise romanın bir toplum bilimi kitabı değil bir sanat eseri olduğunu, ondan ancak ---- beklenebileceğini ileri Gözü dönmek deyimi, aşırı istek veya öfke nedeniyle sürer. II Bu cümlede boş bırakılan yerlere sırasıyla kişinin saldıracak duruma gelmesini belirtir. aşağıdakilerden hangisi getirilmelidir? Göz kulak olmak, bir kimseyi veya nesneyi görüp III gözetmek durumunu belirtir. Gözden düşmek, bir iş IV veya durumu dikkatinden kaçırmak eylemini gösterir. C)güzellikleri anlatmasını - kusursuz dil kullanımının Göz açtırmamak ise birinin bir iş yapmasına fırsat D)ironiyi öne çıkarmasını - iyi bir anlatımın V vermemeyi ifade eder. Bu parçada numaralanmış deyimlerden hangisinin açıklaması yanlıştır? 1 Diğer sayfaya geçiniz. 2024-TYT/TÜR",doğru yolu göstermesini - edebî güzelliğin,gerçekleri yansıtmasını - kılavuzluk yapmasının,,,geleneği aktarmasını - mantıksal bir akışın,,,TYT Türkçe,,Türkçe
"(I) Parlak mor çizgileriyle bir masal kitabına aitmiş gibi çocuğunun okuduğu her kitaptan “iyi, yararlı ve görünen bir balık türü; Tanzanya açıklarında, Hint gündelik hayattaki pratiklerini kolaylaştıracağı” bir Okyanusu’nun 80 metre derinliklerinde keşfedildi. şeyler öğrenmesini beklemektedir. (II) Cirrhilabrus wakanda denilen bu balık, ismini çizgi II. Toplumun bazı kesimlerinde edebî eserler; roman evreninin süper kahraman hikâyesi Kara -onların oluşum yöntemi, araç ve süreçlerinin Panter’den alıyor. (III) Araştırmacılar balığın göz alıcı bilincinde olunmadığından- kurgusal renklerinin, Kara Panter’in ülkesi olan Wakanda halkının olmayan eğitsel amaçlı kitaplarla aynı kefeye geleneksel elbiselerini andırdığını söylüyor. (IV) Söz konulmaktadır. konusu tür, dalma limitlerini zorlayan derinliklerde yaşadığı için bulunduğu mercan resifleri alaca karanlık Verilen I. cümleyle ilgili aşağıdakilerden hangisi bölgesi olarak adlandırılıyor. (V) Herkes tarafından söylenebilir? ulaşılamayacak bir derinlikte kendine yaşam alanı bulan yapmaktadır. Bu parçada numaralanmış cümlelerde söz edilen Cirrhilabrus wakanda ile ilgili aşağıdakilerden hangisi yanlıştır? bahsetmektedir. C)II. cümlede ortaya konulan durum hakkında öngörüde bahsedilmiştir. bulunmaktadır. D)II. cümlede verilen durumun koşulunu belirtmektedir. edilmiştir. C)III. cümlede, hikâyedeki halkın giysileriyle benzer yönüne değinilmiştir. bilgi sunmaktadır. D)IV. cümlede, yaşadığı bölgeyi seçme nedenleri ifade edilmiştir. verilmiştir.","II. cümlede yer alan açıklamaya yönelik karşılaştırma bu tür, böylelikle neslinin sürekliliğini garanti altına alıyor.",II. cümlede belirtilen durumun yol açtığı bir sonuçtan,,,II. cümlede yapılan açıklamayı çürütmek için yeni bir,,,TYT Türkçe,,Türkçe
"Günümüzde yeni bir pencere açmak, eskinin boşluğuna dokunmakla mümkündür. Aşağıdakilerden hangisi bu cümleyle anlamca aynı doğrultudadır? var olur. keşfedilerek ortaya çıkar. C)Eskinin bıraktığı değerler, taşımakla yükümlü olunan kalıcı bir mirastır. D)Çağdaş bakış açısı, zihindeki geleneksel kodları yıkıma uğratır. özümsemekle gerçekleşir. 2 Diğer sayfaya geçiniz. 2024-TYT/TÜR","Yeni fikirler, gelenekle kurulan sürekliliği kopararak","Özgün düşünceler, geçmişte önemsenmeyenler",,,"Kendine yeni bir alan açmak, mevcut düşünceleri",,,TYT Türkçe,,Türkçe
"Bu caddenin taşlarının üzerinden yüzyıllar boyunca 10. Kirli bir sokaktan geçipköşkün merdivenlerini tırmandım. geçen insanların ayak seslerini takip edenler, bir kalenin I oya gibi işlenmiş kapısı önünde bulurlar izlerini. İlk bakışta hepsi birbirine benzeyen kapıların arasında II Bu cümledeki ögelerin dizilişi aşağıdakilerin düz tahta kapıyı tanıdım. Çaldığım kapı açıldığında az hangisinde sırasıyla verilmiştir? evvel yaşadığım keşmekeşten eser kalmamıştı. Zevkli III döşenmiş bir evin odasında bulmuştum kendimi. IV Yemyeşil bahçeden taşan huzur, geniş pencerelerden C)Özne - yer tamlayıcısı - yüklem - belirtili nesne ayaklarımın dibine doğru uzanıyordu. D)Zarf tümleci - belirtili nesne - yüklem - özne V Bu parçada numaralanmış tamlamalardanhangisi, türü bakımından diğerlerinden farklıdır?",Özne - yüklem - belirtili nesne,Zarf tümleci - özne - belirtili nesne - yüklem,,,Belirtili nesne - yer tamlayıcısı - yüklem - özne,,,TYT Türkçe,,Türkçe
"Kirli bir sokaktan geçipköşkün merdivenlerini tırmandım. geçen insanların ayak seslerini takip edenler, bir kalenin I oya gibi işlenmiş kapısı önünde bulurlar izlerini. İlk bakışta hepsi birbirine benzeyen kapıların arasında II Bu cümledeki ögelerin dizilişi aşağıdakilerin düz tahta kapıyı tanıdım. Çaldığım kapı açıldığında az hangisinde sırasıyla verilmiştir? evvel yaşadığım keşmekeşten eser kalmamıştı. Zevkli III döşenmiş bir evin odasında bulmuştum kendimi. IV Yemyeşil bahçeden taşan huzur, geniş pencerelerden C)Özne - yer tamlayıcısı - yüklem - belirtili nesne ayaklarımın dibine doğru uzanıyordu. D)Zarf tümleci - belirtili nesne - yüklem - özne V Bu parçada numaralanmış tamlamalardanhangisi, türü bakımından diğerlerinden farklıdır? 9. (I) Yaz mevsiminin ilk günlerini ormanlarla, dağlarla ve denizle karşılamak için çevirdim rotamı Sinop’a. (II) Şehir merkezine gider gitmez, methini önceden duyduğum",Özne - yüklem - belirtili nesne,Zarf tümleci - özne - belirtili nesne - yüklem,,,Belirtili nesne - yer tamlayıcısı - yüklem - özne,,,TYT Türkçe,,Türkçe
"Aşağıdaki cümlelerin hangisinde büyük harflerin yerel pazara uğradım ve kahvaltılıklarımı alıp doğruca yazımıyla ilgili yanlışlık yapılmıştır? limandaki çay bahçesine yöneldim. (III) Balığa giden sandalları ve küçük tekneleri izlemek, Sinop’ta neler olup Millî Parkı bu yıl tekrar açıldı. bittiğini öğrenmek için bu çay bahçeleri en doğru adres. (IV) Yalı Kahvesi’nde denize nazır bir masaya yerleşip müşterilerinin adını, kahvesini yahut çayını nasıl içtiğini yanında etkinliklerle kutladı. bildiği rivayet edilen Mükremin’den bir çay da ben istedim. (V) Sinopluların hiçbir içeceği, soğuk tüketmeyi C)Türk tarihi açısından 29 Mayıs 1453 Salı günü kutlu bir sevmediğini öğrendim Mükremin’in getirdiği sımsıcak fetih gerçekleşti. çayı yudumlarken. D)Kutlamalar için şehrin en güzel yeri olan Zafer Meydanı Bu parçada numaralanmış cümlelerden hangisi, tercih edildi. yükleminin türüne göre diğerlerinden farklıdır? hafta Ankara’da kabul etti. 3 Diğer sayfaya geçiniz. 2024-TYT/TÜR",Uzun süreden beri ziyarete kapalı olan Yozgat Çamlığı,"Türkiye Cumhuriyeti, yüzüncü yılını ülkenin dört bir",,,V E) Yurt dışından gelen resmî heyeti bakan geçtiğimiz,,,TYT Türkçe,,Türkçe
"Birleşme sırasında kelimelerden her ikisi veya ikincisi 14. (I) Yıldırım Bayezid; kuşatılmış Niğbolu Kalesi’nden anlam değişmesine uğradığında bu tür birleşik kelimeler haber almak, düşmanın asker sayısını öğrenmek bitişik yazılır. niyetiyle Evrenos Bey’i kaleye yolladı. (II) Fakat Evrenos Bey ne düşmandan esir, ne de içeriden haber alabildi. Buna göre aşağıdaki cümlelerin hangisinde (III) Yıldırım’ın buna canı sıkıldı, uykuları kaçtı ve gece yazım yanlışı yapılmıştır? kimseye haber vermeden atına binip hızla kaleye gitti. tüketilen tatlıların başında bülbülyuvası ve kadayıf gelir. bir sesle “Bre Doğan! Bre Doğan! Hâliniz nicedir?” diye bağırdı. (V) Zaten kale duvarının üzerinde bulunan meyvelerin pazar tezgâhlarını süslediği zamanlardır. Hünkârım! Her taraf muhkem, muhafızlar gece gündüz uyanık, yeteri kadar zahirem mevcut.” diye karşılık verdi. C)Çok sevdiği kavuniçi elbisesini dolaptan özenle çıkardı, Bu parçada numaralanmış cümlelerin hangisinde ütüleyerek ertesi gün giymek üzere hazırladı. virgül kullanımında yanlışlık yapılmıştır? D)Cırcırböceği ile karıncanın macerası, kardeşimin annemden ve benden en çok dinlediği masaldır. uzaklardan bile ayırt edilebiliyordu. 15. Bir şeyi denemenin risk olduğunu düşünmek büyük bir yanılgıdır. Hâlbuki denememek, risk almaktır. Çünkü Pascal’ın dediği gibi çabalarınız sonucunda “Kazanırsanız her şeyi kazanacak, kaybederseniz de","Sıcak yaz günlerinde dondurmanın yanında çokça (IV) Yüksek bir yere çıktı, biraz soluklanıp gök gürler gibi","Ekim ve kasım ayları elma, nar, ayva ve beşbıyık gibi Doğan Bey, onun sesini duyunca “Merak buyurmayın",,,V annemden ve benden en çok dinlediği masaldır. E) Narçiçeği rengindeki şapkasıyla kalabalık içinde çok uzaklardan bile ayırt edilebiliyordu.,,,TYT Türkçe,,Türkçe
"Her dönemin temelde iki tür davranışı vardır ( ) Bir hiçbir şey kaybetmeyeceksinizdir.”. Başka bir deyişle taraftan tanık olduğunu “saklamak” ( ) diğer taraftan deneyerek her durumda kazanacaksınız. Zaten ise geleceğe “aktarmak” ister ( ) İşte bunlar ( ) hangi cebinizde olmayan bir bilgi, bir duygu veya bir şansın en şartlar altında ( ) hangi duygularla yazılmış olursa olsun fazla nasıl olmayacağını görmüş olacaksınız. Edison’un üretilen edebî eserlerin muhatap aldığı iki eşik olarak her başarısız deney sonrasında dediği gibi “Nasıl beliriyor. yapacağınızı bulamamış ama nasıl yapamayacağınızı Bu parçada boş bırakılan yerlere sırasıyla aşağıdaki görmüş olacaksınız.”. noktalama işaretlerinden hangileri getirilmelidir? Bu parçada Edison’dan söz edilmesinin nedeni C)(:) (,) (.) (;) (,) bulunduğunu göstermek D)(.) (;) (...) (;) (,) C)Tartışmacı bir içerik oluşturup okurların metne olan D)Anlatılanlara somut bir örnek vererek anlatımı güçlendirmek ikna etmek 4 Diğer sayfaya geçiniz. 2024-TYT/TÜR","(.) (,) (...) (;) (,) aşağıdakilerden hangisidir?","(:) (;) (.) (,) (;) kabul ettirmek",,,"(:) (,) (.) (,) (;) ilgisini canlı tutmak",,,TYT Türkçe,,Türkçe
"(I) Yıldırım Bayezid; kuşatılmış Niğbolu Kalesi’nden anlam değişmesine uğradığında bu tür birleşik kelimeler haber almak, düşmanın asker sayısını öğrenmek bitişik yazılır. niyetiyle Evrenos Bey’i kaleye yolladı. (II) Fakat Evrenos Bey ne düşmandan esir, ne de içeriden haber alabildi. Buna göre aşağıdaki cümlelerin hangisinde (III) Yıldırım’ın buna canı sıkıldı, uykuları kaçtı ve gece yazım yanlışı yapılmıştır? kimseye haber vermeden atına binip hızla kaleye gitti. tüketilen tatlıların başında bülbülyuvası ve kadayıf gelir. bir sesle “Bre Doğan! Bre Doğan! Hâliniz nicedir?” diye bağırdı. (V) Zaten kale duvarının üzerinde bulunan meyvelerin pazar tezgâhlarını süslediği zamanlardır. Hünkârım! Her taraf muhkem, muhafızlar gece gündüz uyanık, yeteri kadar zahirem mevcut.” diye karşılık verdi. C)Çok sevdiği kavuniçi elbisesini dolaptan özenle çıkardı, Bu parçada numaralanmış cümlelerin hangisinde ütüleyerek ertesi gün giymek üzere hazırladı. virgül kullanımında yanlışlık yapılmıştır? D)Cırcırböceği ile karıncanın macerası, kardeşimin annemden ve benden en çok dinlediği masaldır. uzaklardan bile ayırt edilebiliyordu.","Sıcak yaz günlerinde dondurmanın yanında çokça (IV) Yüksek bir yere çıktı, biraz soluklanıp gök gürler gibi","Ekim ve kasım ayları elma, nar, ayva ve beşbıyık gibi Doğan Bey, onun sesini duyunca “Merak buyurmayın",,,V annemden ve benden en çok dinlediği masaldır. E) Narçiçeği rengindeki şapkasıyla kalabalık içinde çok uzaklardan bile ayırt edilebiliyordu.,,,TYT Türkçe,,Türkçe
"Bir şeyi denemenin risk olduğunu düşünmek büyük bir yanılgıdır. Hâlbuki denememek, risk almaktır. Çünkü Pascal’ın dediği gibi çabalarınız sonucunda “Kazanırsanız her şeyi kazanacak, kaybederseniz de 13. Her dönemin temelde iki tür davranışı vardır ( ) Bir hiçbir şey kaybetmeyeceksinizdir.”. Başka bir deyişle taraftan tanık olduğunu “saklamak” ( ) diğer taraftan deneyerek her durumda kazanacaksınız. Zaten ise geleceğe “aktarmak” ister ( ) İşte bunlar ( ) hangi cebinizde olmayan bir bilgi, bir duygu veya bir şansın en şartlar altında ( ) hangi duygularla yazılmış olursa olsun fazla nasıl olmayacağını görmüş olacaksınız. Edison’un üretilen edebî eserlerin muhatap aldığı iki eşik olarak her başarısız deney sonrasında dediği gibi “Nasıl beliriyor. yapacağınızı bulamamış ama nasıl yapamayacağınızı Bu parçada boş bırakılan yerlere sırasıyla aşağıdaki görmüş olacaksınız.”. noktalama işaretlerinden hangileri getirilmelidir? Bu parçada Edison’dan söz edilmesinin nedeni C)(:) (,) (.) (;) (,) bulunduğunu göstermek D)(.) (;) (...) (;) (,) C)Tartışmacı bir içerik oluşturup okurların metne olan D)Anlatılanlara somut bir örnek vererek anlatımı güçlendirmek ikna etmek 4 Diğer sayfaya geçiniz. 2024-TYT/TÜR","(.) (,) (...) (;) (,) aşağıdakilerden hangisidir?","(:) (;) (.) (,) (;) kabul ettirmek",,,"(:) (,) (.) (,) (;) ilgisini canlı tutmak",,,TYT Türkçe,,Türkçe
"(I) Gaziantep’in tarihini anlayabilmek için gezilecek 18. Bir yazar olarak uzun uzadıya irdelenmesi gerektiğini pek çok turistik ve kültürel mekân vardır. (II) Zeugma düşündüğüm taşra yalnızlığı diye bir kavram var. Bazen Mozaik Müzesi, şehri tanıyabilmek için mutlaka ziyaret çok ızdırap verici olsa da insanın kendisiyle baş başa edilmesi gereken durakların başında gelir. (III) 2011 kalabilmesi için oldukça faydalı bir yalnızlık bu. Kültürel yılında açılan yapı; mimari, teknolojik ve kültürel açıdan nispeten cılız ancak oldukça sevimli olan bu açıdan sadece şehrin değil dünyanın önde gelen şehirde ben, taşra yalnızlığını kurmacayla avantaja müzelerindendir. (IV) Zeugma şehrinden kalan eserlerin dönüştürmeye çabalayanlardanım. Bu hâl, beni kalem ve sergilendiği müzedeki buluntularla iki bin yıllık geçmişe kitaplarla dostluğa sevk ediyor. Ayrıca bu sınırlı alanda tanıklık edilebilir. (V) MÖ 300’de Büyük İskender’in oluşturduğum sonsuz kültür evreniyle merkezde “Selevkia Euphtrates” adıyla kurduğu yerleşim yeri, kurduğum yaşantıya bir alternatif bulduğuma Kommagene Krallığı’nın dört büyük şehrinden biridir. inanıyorum. (VI) Yaklaşık iki yüz elli yıl sonra Roma İmparatorluğu’na Aşağıdakilerden hangisi bu parçadaki düşünceyi bağlanan şehir, “köprü, geçit” anlamlarına gelen ve destekler niteliktedir? bugün müzeye de adını veren Zeugma olarak anılmaya başlanmıştır. bağımsız gelişir. Bu parça iki paragrafa ayrılmak istense ikinci paragraf numaralanmış cümlelerin hangisiyle başlar? gücünü besler. C)Edebî metinler, taşra ve merkezdeki kültürün yakınlık kurmasını sağlar. D)Mekânı ve kimi olumsuz duyguları aşabilmek edebiyatla mümkün olur.",Edebiyatta yalnızlık duygusu zaman ve mekândan,III,,,"VI C)Edebî metinler, taşra ve merkezdeki kültürün yakınlık kurmasını sağlar. D)Mekânı ve kimi olumsuz duyguları aşabilmek edebiyatla mümkün olur.",,,TYT Türkçe,,Türkçe
"(I) Modern tıbbın temelinde yer alan Hipokrat yemini, tıp biliminin etik prensiplerini yansıtır. (II) Hipokrat’ın belirler. benimsediği ilkelerden biri bugün de geçerliğini korur: İnsanların, akılcı açıklamaları olan “doğal” nedenler yüzünden hastalandığı. (III) Hâlbuki Hipokrat ve takipçilerinden önce Yunanistan’da ve ona komşu ülkelerde hastalıkların doğaüstü bir boyutu olduğu varsayılıyordu. (IV) Tanrılara karşı gelindiği veya doğaüstü güçleri olan biri tarafından büyü yapıldığı için hastalıkların ortaya çıktığı düşünülüyordu. (V) Hastalıklara doğaüstü güçler yol açabiliyorsa tedavi yöntemlerini de rahiplere veya büyücülere bırakmanın en iyi çözüm olacağı düşüncesine sahiplerdi. Bu parçada numaralanmış cümlelerden hangisi düşüncenin akışını bozmaktadır? 5 Diğer sayfaya geçiniz. 2024-TYT/TÜR",I B) II C)III D)IV E) V,II C)III D)IV E) V,,,Edebiyatla uğraşmak kalabalıklara karşı takınılan tavrı,,,TYT Türkçe,,Türkçe
"Bir yazar olarak uzun uzadıya irdelenmesi gerektiğini pek çok turistik ve kültürel mekân vardır. (II) Zeugma düşündüğüm taşra yalnızlığı diye bir kavram var. Bazen Mozaik Müzesi, şehri tanıyabilmek için mutlaka ziyaret çok ızdırap verici olsa da insanın kendisiyle baş başa edilmesi gereken durakların başında gelir. (III) 2011 kalabilmesi için oldukça faydalı bir yalnızlık bu. Kültürel yılında açılan yapı; mimari, teknolojik ve kültürel açıdan nispeten cılız ancak oldukça sevimli olan bu açıdan sadece şehrin değil dünyanın önde gelen şehirde ben, taşra yalnızlığını kurmacayla avantaja müzelerindendir. (IV) Zeugma şehrinden kalan eserlerin dönüştürmeye çabalayanlardanım. Bu hâl, beni kalem ve sergilendiği müzedeki buluntularla iki bin yıllık geçmişe kitaplarla dostluğa sevk ediyor. Ayrıca bu sınırlı alanda tanıklık edilebilir. (V) MÖ 300’de Büyük İskender’in oluşturduğum sonsuz kültür evreniyle merkezde “Selevkia Euphtrates” adıyla kurduğu yerleşim yeri, kurduğum yaşantıya bir alternatif bulduğuma Kommagene Krallığı’nın dört büyük şehrinden biridir. inanıyorum. (VI) Yaklaşık iki yüz elli yıl sonra Roma İmparatorluğu’na Aşağıdakilerden hangisi bu parçadaki düşünceyi bağlanan şehir, “köprü, geçit” anlamlarına gelen ve destekler niteliktedir? bugün müzeye de adını veren Zeugma olarak anılmaya başlanmıştır. bağımsız gelişir. Bu parça iki paragrafa ayrılmak istense ikinci paragraf numaralanmış cümlelerin hangisiyle başlar? gücünü besler. C)Edebî metinler, taşra ve merkezdeki kültürün yakınlık kurmasını sağlar. D)Mekânı ve kimi olumsuz duyguları aşabilmek edebiyatla mümkün olur. 17. (I) Modern tıbbın temelinde yer alan Hipokrat yemini, tıp biliminin etik prensiplerini yansıtır. (II) Hipokrat’ın belirler. benimsediği ilkelerden biri bugün de geçerliğini korur: İnsanların, akılcı açıklamaları olan “doğal” nedenler yüzünden hastalandığı. (III) Hâlbuki Hipokrat ve takipçilerinden önce Yunanistan’da ve ona komşu ülkelerde hastalıkların doğaüstü bir boyutu olduğu varsayılıyordu. (IV) Tanrılara karşı gelindiği veya doğaüstü güçleri olan biri tarafından büyü yapıldığı için hastalıkların ortaya çıktığı düşünülüyordu. (V) Hastalıklara doğaüstü güçler yol açabiliyorsa tedavi yöntemlerini de rahiplere veya büyücülere bırakmanın en iyi çözüm olacağı düşüncesine sahiplerdi. Bu parçada numaralanmış cümlelerden hangisi düşüncenin akışını bozmaktadır? 5 Diğer sayfaya geçiniz. 2024-TYT/TÜR",Edebiyatta yalnızlık duygusu zaman ve mekândan,III,,,"VI C)Edebî metinler, taşra ve merkezdeki kültürün yakınlık kurmasını sağlar. D)Mekânı ve kimi olumsuz duyguları aşabilmek edebiyatla mümkün olur.",,,TYT Türkçe,,Türkçe
"Yaklaşık yedi milyon nüfusa sahip Hong Kong’da 21. Sherlock Homeless ile Nasıl Tanıştım? kelime yılda iki binden fazla yaya, trafik kazası geçiriyor. oyunlarıyla dolu bir eser. Kitap daha en başta ismiyle Bu oran, akıllı telefonların kullanılmasına bağlı olarak bile okuru bir oyunun içine çekiyor. Kitaba ilk göz gün geçtikçe artıyor çünkü insanlar karşıdan karşıya attığımda dedektif Sherlock Holmes’u okuyacağımı geçerken telefonlarına bakmaya devam ediyor. düşündüm. Tabii kitabın ismini yanlış okuduğumu Bu duruma çare arayan yetkililer, çözümü yaya sayfaları karıştırdıktan sonra fark ettim. Oysaki ben, geçitlerindeki işaret sistemini değiştirmekte buldu. Holmes’u değil “evsiz” anlamına gelen “Homeless”ı Tasarlanan bu sistemde yaya geçiş ışıkları zemine okuyacaktım. Yazar, kitabındaki on bir öyküsünde yansıtılıyor. Böylece karşıdan karşıya geçmek isteyen bilindik ifadelere ufak dokunuşlar yaparak, bunları farklı yayalar, kendileri için yeşil mi yoksa kırmızı mı yandığını anlamlara dönüştürerek okurundan uyanık ve özenli bir anlıyor. Henüz deneme aşamasındaki sistemin başarılı ikinci bakış bekliyor. Bu kelime oyunlarında yazarın olması durumunda ülke genelinde yaygınlık kazanacağı “İs bırakanlar unutulmaz.” ve “Ezberimde gül oya.” bekleniyor. şeklindeki cümlelerde olduğu gibi bazen bir kelime bazen de sadece bir harf değiştirmesi yeterli oluyor. Bu parçada söz edilen sistemin geliştirilme amacı aşağıdakilerden hangisidir? Bu parçada söz edilen yazarla ilgili aşağıdakilerin hangisine değinilmemiştir? bir trafik ortamı sunmak kullanımına telefonlarına bakmalarının önüne geçmek koyduğuna C)Yayaların, akıllı telefonlarını kullanırken trafik kurallarını takip etmelerini sağlamak C)Kendine özgü anlatımını kitabındaki tek bir öyküyle sınırlamadığına D)Yayaların karıştığı kazaların nedenlerini bulmak için akıllı telefonlardan yararlanmak D)Okurunu sözcüklere hatta harflere dikkatle odaklanmaya davet ettiğine yayaları bilinçlendirmek kullandığına",Akıllı telefon teknolojisi aracılığıyla yayalara güvenli,"Yayaların, karşıdan karşıya geçerken akıllı",,,Akıllı telefon kullanımının kazaya neden olduğuna dair,,,TYT Türkçe,,Türkçe
"Sherlock Homeless ile Nasıl Tanıştım? kelime yılda iki binden fazla yaya, trafik kazası geçiriyor. oyunlarıyla dolu bir eser. Kitap daha en başta ismiyle Bu oran, akıllı telefonların kullanılmasına bağlı olarak bile okuru bir oyunun içine çekiyor. Kitaba ilk göz gün geçtikçe artıyor çünkü insanlar karşıdan karşıya attığımda dedektif Sherlock Holmes’u okuyacağımı geçerken telefonlarına bakmaya devam ediyor. düşündüm. Tabii kitabın ismini yanlış okuduğumu Bu duruma çare arayan yetkililer, çözümü yaya sayfaları karıştırdıktan sonra fark ettim. Oysaki ben, geçitlerindeki işaret sistemini değiştirmekte buldu. Holmes’u değil “evsiz” anlamına gelen “Homeless”ı Tasarlanan bu sistemde yaya geçiş ışıkları zemine okuyacaktım. Yazar, kitabındaki on bir öyküsünde yansıtılıyor. Böylece karşıdan karşıya geçmek isteyen bilindik ifadelere ufak dokunuşlar yaparak, bunları farklı yayalar, kendileri için yeşil mi yoksa kırmızı mı yandığını anlamlara dönüştürerek okurundan uyanık ve özenli bir anlıyor. Henüz deneme aşamasındaki sistemin başarılı ikinci bakış bekliyor. Bu kelime oyunlarında yazarın olması durumunda ülke genelinde yaygınlık kazanacağı “İs bırakanlar unutulmaz.” ve “Ezberimde gül oya.” bekleniyor. şeklindeki cümlelerde olduğu gibi bazen bir kelime bazen de sadece bir harf değiştirmesi yeterli oluyor. Bu parçada söz edilen sistemin geliştirilme amacı aşağıdakilerden hangisidir? Bu parçada söz edilen yazarla ilgili aşağıdakilerin hangisine değinilmemiştir? bir trafik ortamı sunmak kullanımına telefonlarına bakmalarının önüne geçmek koyduğuna C)Yayaların, akıllı telefonlarını kullanırken trafik kurallarını takip etmelerini sağlamak C)Kendine özgü anlatımını kitabındaki tek bir öyküyle sınırlamadığına D)Yayaların karıştığı kazaların nedenlerini bulmak için akıllı telefonlardan yararlanmak D)Okurunu sözcüklere hatta harflere dikkatle odaklanmaya davet ettiğine yayaları bilinçlendirmek kullandığına 20. Modern fiziğe göre atom altı düzeyde madde; belirli yerlerde kesin bir biçimde var olmaz, “var olma eğilimi”",Akıllı telefon teknolojisi aracılığıyla yayalara güvenli,"Yayaların, karşıdan karşıya geçerken akıllı",,,Akıllı telefon kullanımının kazaya neden olduğuna dair,,,TYT Türkçe,,Türkçe
"MÖ V. yüzyılın sonlarında resimleriyle ünlenmiş Zeuxis, gösterir. Benzer şekilde atomik olaylar da belirli elinde üzüm tutan bir çocuğun resmini yapmış. Üzümler zamanlarda ve şekillerde nihai bir biçimde oluşmaz, öylesine gerçek gibi duruyormuş ki kuşlar gelip yemeye sadece “oluşma eğilimi” içindedir. Dolayısıyla atom altı kalkışmış. Bundan dolayı övüldüğü zaman Zeuxis, parçacıkların kendi başlarına hiçbir anlamı yoktur. ----. üzülerek “Çocuğun resmini daha iyi yapabilseydim kuşlar Çünkü atom altı parçacıklar “şeyler” değil “şeyler ondan korkardı.” demiş. arasındaki bağlantılar”dır. Aşağıdakilerden hangisi bu parçadaki düşünceyi Bu parçada boş bırakılan yere aşağıdakilerden destekler niteliktedir? hangisi getirilmelidir? yüklendiği özel işlevlere göre gerçekleşir çağdaş fizik bize evrenin bir bütün olduğunu anlatır C)Resim sanatı, diğer sanatlardan gerçekçiliği ele alışı bakımından ayrılır. C)Ancak gözlemlenebilir ve ölçülebilir nitelikteki süreçlerle olan ilişkileri içinde bir anlam kazanır D)Sanatçının özgünlüğü, temel aldığı konuyu işleyiş biçimiyle değerlendirilir. D)Kaldı ki zaman ve mekândan bağımsız olamayan atom altı düzey, maddenin varlığına bağımlıdır kalıcılığa erişir. yoluyla incelendiğinde maddenin varlığı kanıtlanır 6 Diğer sayfaya geçiniz. 2024-TYT/TÜR","Sanat eseri, doğada var olanı benzersiz kıldığı ölçüde","Sanatçı, doğayı gerçekçi bir biçimde yansıtabildiği",,,"Sanat eseri, insanın temel özelliklerini içerdiğinde",,,TYT Türkçe,,Türkçe
"Biz fark etsek de etmesek de yapay zekâ artık 25. Yazarın en büyük başarılarından biri eserlerinde hayatımızın bir parçası. Bu teknoloji sayesinde kendi üçüncüşahıs anlatımı kullanmasıdır. Burada anlatıcı; kendine park eden otomobillere, akıllı sensörlerin karakterlerinbütün zihinsel durumlarını, yaşadıklarını, yardımıyla çekilen muhteşem fotoğraflara kavuştuk. yönelimlerini bilmekte ve okura anlatmaktadır. Böylelikle Benzer şekilde eğitimde de yapay zekânın etkisi gün anlatıcı, duygu ve düşüncelerini karakterlerin de okurun geçtikçe daha çok hissediliyor ve geleneksel yöntemler da yüzüne açıkça dile getirebilmektedir. Geçmiş, şimdi büyük ölçüde farklılaşıyor. Eğitimciler, psikologlar ve ve geleceğin iç içe olduğu üçüncü şahıs anlatım, birinci ebeveynler arasında çocuklarımız için doğru ekran tekil şahsın imkânlarını da kullanarak her yönüyle hâkim süresi hakkında tartışmalar sürerken eğitimin şeklini ve bir bakış sunar. Böylece okur, karakterlerin hayatlarına geleceğini değiştiren yapay zekâ; dünyanın önde gelen ve akıllarından geçirdiklerine tanıklık edebilmektedir. ülkelerinde oyunun kurallarını belirlemeye başladı bile. Bu parçada söz edilen anlatıcıylailgili aşağıdakilerin Konuyla ilgili raporlara baktığımızda yapay zekânın hangisi söylenebilir? eğitimdeki yerinin yakın gelecekte çok büyük oranlara ulaşacağı görülüyor. müdahale eder. Bu parçada yapay zekâyla ilgili aşağıdakilerin hangisine değinilmiştir? ele alır. C)Çocukların gelişimi üzerinde olumsuz etkilerinin olduğuna D)Kişilerin bilinmeyen yönlerini ortaya çıkararak eseri başarıya ulaştırır. D)Eğitimde kullanımının öğrenci başarısına katkı sağladığına odaklanmasını hedefler. yol açtığına",Kendi duygularından yola çıkarak olayların akışına,Kapsayıcı bakış açısıyla esere dâhil olarak anlatıyı,,,Karakterleri arka planda tutarak okurun olaya,,,TYT Türkçe,,Türkçe
"Gerilimi psikolojik ögelerle kuran yönetmenin filmlerindeki ana temalar suç ve korkudur. Gerilim unsurlarını filmin karakterleri üzerinden inşa ederek olay örgüsünün onların etrafında gelişmesini sağlar. Seyircinin, filmi uzaktan izlemesine müsaade etmeyerek onu filmin içine davet eder. Böylece başına gelecekleri bilmeyen karakterlerin yanında seyircinin yer almasını ve olay örgüsünün girdabına kapılmasını sağlar. Bu parçadan yönetmenin filmleriyle ilgili aşağıdakilerin hangisine ulaşılabilir? C)Gerilim unsurlarını çeşitlendirerek seyirci kitlesini artırır. D)Kurgusunu karakterlerin yaşadığı çatışmalardan alır. tutar. 7 Diğer sayfaya geçiniz. 2024-TYT/TÜR",Seyircinin karakterlerle özdeşim kurmasını amaçlar.,Karakterleri psikolojik çözümlemelerle birlikte sunar.,,,Konusunun karmaşıklığı ile seyircide heyecanı canlı,,,TYT Türkçe,,Türkçe
"Yazarın en büyük başarılarından biri eserlerinde hayatımızın bir parçası. Bu teknoloji sayesinde kendi üçüncüşahıs anlatımı kullanmasıdır. Burada anlatıcı; kendine park eden otomobillere, akıllı sensörlerin karakterlerinbütün zihinsel durumlarını, yaşadıklarını, yardımıyla çekilen muhteşem fotoğraflara kavuştuk. yönelimlerini bilmekte ve okura anlatmaktadır. Böylelikle Benzer şekilde eğitimde de yapay zekânın etkisi gün anlatıcı, duygu ve düşüncelerini karakterlerin de okurun geçtikçe daha çok hissediliyor ve geleneksel yöntemler da yüzüne açıkça dile getirebilmektedir. Geçmiş, şimdi büyük ölçüde farklılaşıyor. Eğitimciler, psikologlar ve ve geleceğin iç içe olduğu üçüncü şahıs anlatım, birinci ebeveynler arasında çocuklarımız için doğru ekran tekil şahsın imkânlarını da kullanarak her yönüyle hâkim süresi hakkında tartışmalar sürerken eğitimin şeklini ve bir bakış sunar. Böylece okur, karakterlerin hayatlarına geleceğini değiştiren yapay zekâ; dünyanın önde gelen ve akıllarından geçirdiklerine tanıklık edebilmektedir. ülkelerinde oyunun kurallarını belirlemeye başladı bile. Bu parçada söz edilen anlatıcıylailgili aşağıdakilerin Konuyla ilgili raporlara baktığımızda yapay zekânın hangisi söylenebilir? eğitimdeki yerinin yakın gelecekte çok büyük oranlara ulaşacağı görülüyor. müdahale eder. Bu parçada yapay zekâyla ilgili aşağıdakilerin hangisine değinilmiştir? ele alır. C)Çocukların gelişimi üzerinde olumsuz etkilerinin olduğuna D)Kişilerin bilinmeyen yönlerini ortaya çıkararak eseri başarıya ulaştırır. D)Eğitimde kullanımının öğrenci başarısına katkı sağladığına odaklanmasını hedefler. yol açtığına 24. Gerilimi psikolojik ögelerle kuran yönetmenin filmlerindeki ana temalar suç ve korkudur. Gerilim unsurlarını filmin karakterleri üzerinden inşa ederek olay örgüsünün onların etrafında gelişmesini sağlar. Seyircinin, filmi uzaktan izlemesine müsaade etmeyerek onu filmin içine davet eder. Böylece başına gelecekleri bilmeyen karakterlerin yanında seyircinin yer almasını ve olay örgüsünün girdabına kapılmasını sağlar. Bu parçadan yönetmenin filmleriyle ilgili aşağıdakilerin hangisine ulaşılabilir? C)Gerilim unsurlarını çeşitlendirerek seyirci kitlesini artırır. D)Kurgusunu karakterlerin yaşadığı çatışmalardan alır. tutar. 7 Diğer sayfaya geçiniz. 2024-TYT/TÜR",Kendi duygularından yola çıkarak olayların akışına,Kapsayıcı bakış açısıyla esere dâhil olarak anlatıyı,,,Karakterleri arka planda tutarak okurun olaya,,,TYT Türkçe,,Türkçe
"Özgünlük genellikle insanın kendisi olmasını içeren bir ipliği, pamuklu dokuma, çarşaf, gömlek ve keten bezi durum olarak görülür. Peki, özgünlük değişimi engelliyor üretimiyle ön plana çıkmıştır. XIX. yüzyıla kadar bu ve herkesi yerinde saymaya teşvik ediyorsa... İşte bunu ürünlerin geleneksel tarzda üretimi yapılmıştır. Zamanla sorgulamamız gerekir. İnsan, bazen amaçlarına ulaşmak şehrin kalabalıklaşması ve ticaret hacminin artması, seri için bir süreliğine maske takmak zorunda kalabilir. üretimin yapıldığı fabrikalaşmaya doğru ilk adımların Benzer şekilde özgünlük de insanları olduğu gibi atılmasını da beraberinde getirmiştir. Pamuk fabrikasının kalmaya ve başka perspektiflerden fikirleri görmezden açılması, boyahane ve basmahanelerin kurulması bu gelmeye itebilir. Bu bakımdan insanın benliğine olduğu adımlardandır. Ayrıca XIX. yüzyıla ait haritalarda hâliyle sadık kalmasının, dönüşebileceği her şeyden Boyahane Deresi’nin etrafında kümelenmiş yapıların kendini soyutlamasıyla eş değer olduğu söylenebilir. yer alması, şehirdeki tekstil ürünü boyamacılığının dere Bu parçadan aşağıdakilerin hangisine ulaşılabilir? etrafında yaygın olduğunu gösteren önemli bir kanıttır. Boyahanelerde bitkisel boyalar üretilmiş; “alizarin” veya “Türk kırmızısı” olarak bilinen kırmızı boya, kumaş özgünlüğünü kaybedebilir. boyamada ve halı dokumacılığında kullanılmıştır. Bu parçaya göre İzmir dokuma imalatıyla ilgili amaçlarına ulaşabilir. aşağıdakilerden hangisi söylenebilir? sınırlandırmıştır. birey başarılı olabilir. geçiş sağlanmıştır. vermesi onu tutarsızlaştırır. C)Dokuma kumaşlarının üretimi şehrin belli bir bölgesinde yoğunlaşmıştır. kapalı bir hâle getirebilir. D)Farklı kumaş türlerinin üretimi sırasında birden fazla teknik kullanılmıştır. ilham kaynağı olmuştur. 8 Diğer sayfaya geçiniz. 2024-TYT/TÜR","Kişi, istemediği bir davranışı yapmaya zorlandığında","Özgünlüğünden vazgeçmeye gönüllü olan insan,",,,"İnsanın özgün olma uğruna yaptıkları, onu değişime",,,TYT Türkçe,,Türkçe
"Terimler dışında her sözcüğün bir anlam evreni vardır. 30. Sanat ve edebiyat üzerine yazılmış ilk eser, Aristoteles’in Terimler, kullanımla yeni anlamlar kazanmayan ve Poetika’sıdır. Bu eserde edebiyat ve eleştiri biliminin algılanmaları kişiden kişiye değişmeyen nesnel temelleri atılmıştır. Eserin sanat ve edebiyat üzerine sözcüklerdir. Oysa kendine özgü bir evren kuran ortaya koyduğu tanım, tasnif ve ilkeler; olduğu gibi sözcükler, anlamsal ve duygusal açıdan sürekli yüzyıllarca benimsenmiş ve temel bilgiler olarak gelişime ve değişime açıktır. Yeni anlamlar yüklenmeye kabul edilmiştir. Eserde öne sürülen fikirler; günümüz yatkınlıkları vardır. Hatta bu sözcükler, kişiye özgü dünyasında bile araştırmacılar için hareket noktası duygusal ve çağrışımsal anlamlar da kazanabilir. oluşturmakta, tanımlanan kavramlar tartışılmaktadır. Örneğin aynı sözcük bazı insanlarda neşe ve iyimserlik, Bu eser, âdeta kendisinden sonraki edebiyat ve eleştiri bazılarında ise hüzün ve karamsarlık duyguları araştırmalarının programını hazırlamış gibidir. uyandırabilir. Kuşkusuz sözcüklerin bu izlenimsel Bu parçada söz edilen eserin özellikleri arasında anlamları, göreceli bir nitelik taşıdığından bu yönleri aşağıdakilerden hangisi gösterilemez? sözcük ve kavramları açıklayan kaynaklarda yer almaz. A)Etkileyiciliği B)Kalıcılığı C)Güncelliği Bu parçadan aşağıdakilerin hangisine ulaşılamaz? D)Öncülüğü E)Tutarlılığı kullanıldıkça yeni anlamlar kazanır. kişiden kişiye değişiklik gösterir. 31. Dondurma, XIX. yüzyıldan bu yana keyifle tükettiğimiz C)Bilimsel kavramlar, anlam genişlemesi ve yeniden yiyeceklerdendir. 1800’lerin başında Anadolu’da süt anlamlandırmaya uygun değildir. ve meyvenin karıştırılmasıyla yapılan dondurma, yüzyılın ortalarına doğru bir sokak lezzetine dönüşür. Osmanlı D)Kimi sözcükler, sözlük anlamlarının dışında İstanbul’unda ilk olarak seyyar satıcılarla karşımıza çıkan kullanıldıkça yeni çağrışımlar kazanır. dondurmanın bu şekilde satılması XX. yüzyılın ilk çeyreğine kadar sürer. 1930’lara gelindiğinde ise muhallebicilerde ve pastanelerde satılmaya başlar. sözlüklerde bulunması mümkün değildir. Sonraları ise sanayileşmenin etkisiyle dondurma yapımında elektrikli aletler kullanılır. Böylelikle dondurma, türlü değişimlere ayak uydurarak Türk mutfağındaki değerini korur. Bu parçada dondurmayla ilgili aşağıdakilerin","Bir dile ait sözcükler, o dilin konuşurları tarafından","Bazı sözcüklerin çağrışımla uyandırdığı duygusal etki,",,,"Sözcüklere yüklenen bazı kişisel anlamların,",,,TYT Türkçe,,Türkçe
"İnsanlar her adımını bir seçeneğe bağlar: başarı ya da hangisine değinilmemiştir? başarısızlık, zafer ya da bozgun. Bense bu seçeneklere hep mesafeli durmuşumdur. Çünkü başarmak ya da başarısızlığa uğramanın ancak durumsal, geçici anlamlar taşıdığına inanırım. Bu yüzden bana sürekli bir yarış pistinde olduğumu hissettiren ve her ne olursa olsun üretme ve hayata devam etme gücümü azaltan C)Ekonomik olarak erişilmesinin kolay olduğuna bu düşünme biçimini reddeder, akışına göre yaşamaya çalışırım. D)Çeşitli dönemlerde farklı mekânlarda satıldığına Bu parçanın yazarıyla ilgili aşağıdakilerden hangisi söylenemez? gösterir. C)Olumsuz sonuçlanabilecek girişimlerden uzak durmaya çalışır. D)Yaşamı koşullara göre şekillenen bir deneyim olarak görür. önceler. 9 Diğer sayfaya geçiniz. 2024-TYT/TÜR",İçeriğinde hangi tür malzemelerin kullanıldığına,Üretiminde teknolojik gelişmelerden de yararlanıldığına,,,Yemek kültüründeki yerini korumaya devam ettiğine,,,TYT Türkçe,,Türkçe
"Sanat ve edebiyat üzerine yazılmış ilk eser, Aristoteles’in Terimler, kullanımla yeni anlamlar kazanmayan ve Poetika’sıdır. Bu eserde edebiyat ve eleştiri biliminin algılanmaları kişiden kişiye değişmeyen nesnel temelleri atılmıştır. Eserin sanat ve edebiyat üzerine sözcüklerdir. Oysa kendine özgü bir evren kuran ortaya koyduğu tanım, tasnif ve ilkeler; olduğu gibi sözcükler, anlamsal ve duygusal açıdan sürekli yüzyıllarca benimsenmiş ve temel bilgiler olarak gelişime ve değişime açıktır. Yeni anlamlar yüklenmeye kabul edilmiştir. Eserde öne sürülen fikirler; günümüz yatkınlıkları vardır. Hatta bu sözcükler, kişiye özgü dünyasında bile araştırmacılar için hareket noktası duygusal ve çağrışımsal anlamlar da kazanabilir. oluşturmakta, tanımlanan kavramlar tartışılmaktadır. Örneğin aynı sözcük bazı insanlarda neşe ve iyimserlik, Bu eser, âdeta kendisinden sonraki edebiyat ve eleştiri bazılarında ise hüzün ve karamsarlık duyguları araştırmalarının programını hazırlamış gibidir. uyandırabilir. Kuşkusuz sözcüklerin bu izlenimsel Bu parçada söz edilen eserin özellikleri arasında anlamları, göreceli bir nitelik taşıdığından bu yönleri aşağıdakilerden hangisi gösterilemez? sözcük ve kavramları açıklayan kaynaklarda yer almaz. A)Etkileyiciliği B)Kalıcılığı C)Güncelliği Bu parçadan aşağıdakilerin hangisine ulaşılamaz? D)Öncülüğü E)Tutarlılığı kullanıldıkça yeni anlamlar kazanır. kişiden kişiye değişiklik gösterir.","Bir dile ait sözcükler, o dilin konuşurları tarafından","Bazı sözcüklerin çağrışımla uyandırdığı duygusal etki,",,,,,,TYT Türkçe,,Türkçe
"Dondurma, XIX. yüzyıldan bu yana keyifle tükettiğimiz C)Bilimsel kavramlar, anlam genişlemesi ve yeniden yiyeceklerdendir. 1800’lerin başında Anadolu’da süt anlamlandırmaya uygun değildir. ve meyvenin karıştırılmasıyla yapılan dondurma, yüzyılın ortalarına doğru bir sokak lezzetine dönüşür. Osmanlı D)Kimi sözcükler, sözlük anlamlarının dışında İstanbul’unda ilk olarak seyyar satıcılarla karşımıza çıkan kullanıldıkça yeni çağrışımlar kazanır. dondurmanın bu şekilde satılması XX. yüzyılın ilk çeyreğine kadar sürer. 1930’lara gelindiğinde ise muhallebicilerde ve pastanelerde satılmaya başlar. sözlüklerde bulunması mümkün değildir. Sonraları ise sanayileşmenin etkisiyle dondurma yapımında elektrikli aletler kullanılır. Böylelikle dondurma, türlü değişimlere ayak uydurarak Türk mutfağındaki değerini korur. Bu parçada dondurmayla ilgili aşağıdakilerin 29. İnsanlar her adımını bir seçeneğe bağlar: başarı ya da hangisine değinilmemiştir? başarısızlık, zafer ya da bozgun. Bense bu seçeneklere hep mesafeli durmuşumdur. Çünkü başarmak ya da başarısızlığa uğramanın ancak durumsal, geçici anlamlar taşıdığına inanırım. Bu yüzden bana sürekli bir yarış pistinde olduğumu hissettiren ve her ne olursa olsun üretme ve hayata devam etme gücümü azaltan C)Ekonomik olarak erişilmesinin kolay olduğuna bu düşünme biçimini reddeder, akışına göre yaşamaya çalışırım. D)Çeşitli dönemlerde farklı mekânlarda satıldığına Bu parçanın yazarıyla ilgili aşağıdakilerden hangisi söylenemez? gösterir. C)Olumsuz sonuçlanabilecek girişimlerden uzak durmaya çalışır. D)Yaşamı koşullara göre şekillenen bir deneyim olarak görür. önceler. 9 Diğer sayfaya geçiniz. 2024-TYT/TÜR",İçeriğinde hangi tür malzemelerin kullanıldığına,Üretiminde teknolojik gelişmelerden de yararlanıldığına,,,"Sözcüklere yüklenen bazı kişisel anlamların,",,,TYT Türkçe,,Türkçe
"1980’lerde yapılan Türk filmlerinde eve ve ev içine kayıtlardır. Bir günlüğü ele geçirdiğinizde belki bir yönelik bir merak vardı. İnsanın mekânla ilişkisini yaşamın bir kısmını belki de tamamını elde etmiş yansıtmaktan olabildiğince uzak, doğallıktan yoksun ev olursunuz. Açılan her sayfa size yeni ve gerçekçi bir görüntülerini içeren yığınla film çekildi o zaman. Eşyanın hayat sunar. Hayat kesitlerindeki sahicilik ve içtenlikten bir dekor olarak kaldığı, kameranın uzun uzun içinde dolayı yazarla empati kurmanız tamamen olağandır. Bu dolaştığı, duvarlarına manidar tabloların asıldığı, yönüyle günlük, romanı andırsa da onun kurgusal yukarıdan çekilmiş merdiven sahnelerinin yer aldığı atmosferinden uzak olduğu için kendine has tarza sahip evler... Bunun üç nedeni vardı: Her şeyden önce mekân, edebî türdür. Türk sineması için yeni keşfedilen dolayısıyla da görüntü değeri yüksek bir malzemeydi. İkincisi; bu görüntüler Bu parçaya göre günlüklerle ilgili aşağıdakilerden dönemin mahremiyetini görünür kılma, iç dünyaları hangisi söylenemez? gözetleme ihtiyacına cevap veriyordu. Üçüncüsü ise arasında yer alır. gerekli olan sembolizmi mekân görüntüleriyle sağlama çabalarıydı. Bu parçada aşağıdakilerin hangisine öne çıkar. değinilmemiştir? C)Yazarın özel hayatından kesitleri özgün bir üslupla aktarır. dönüştüğüne D)İçerdiği bilgiler sayesinde okurun yazarla etkileşim kurmasını sağlar. cevap verdiğine özellikler taşır. tasarlandığına D)Filmlerdeki iç mekân tasvirlerinin ve sahnelerinin yapaylığına olan ilişkisine 10 Diğer sayfaya geçiniz. 2024-TYT/TÜR 35 - 36. soruları aşağıdaki parçaya göre",Gizemli yönleriyle insanların dikkatini çeken metinler yönetmenlerin belli bir estetik duygusu oluşturmak için,Hayatı samimi biçimde ve doğrudan yansıtmasıyla,,,Okura sunduğu bilgiler açısından roman türüyle benzer C)Bir dönem Türk sinemasında ev içi mekânların nasıl,,,TYT Türkçe,,Türkçe
"Kelebek şeklindeki mimarisiyle şehrin sembol ziyaret cevaplayınız. mekânlarından Konya Tropikal Kelebek Bahçesi, Avrupa’nın en büyük tropikal kelebek bahçesidir. 7.600 metrekare büyüklüğündeki vadinin yaklaşık 1.600 Doğuşu içinköleliğin kaldırıldığı 1865 yılı gösterilse de metrekaresi kelebek uçuş alanıdır. Yaz kış 26 derece aslında blues müziğininne zaman ortaya çıktığıtam sıcaklık ve yüzde 80 nem koşullarının sağlandığı bahçe, olarak bilinmiyor. Afrika’dan Amerika topraklarına köle 150 türe ait 20.000’den fazla tropikal bitkiye ve 45 türde olarak getirilenler;tarlada çalışırken özlemini duydukları binlerce kelebeğe yaşam alanı sunuyor. Kelebeklerin özgürlüğü, yaşadıkları acıları, aşkıve gündelik sıkıntıları larvadan kelebek hâline gelişindeki tüm evrelerinin adım blues tarzında söyledikleri şarkılarla dile getirirdi. adım izlenebildiği bahçede Kelebek Müzesi, Böcek Şarkılarını söylerkensesin temiz tınısına pekönem Müzesi ve Doğa Eğitim Sınıfı gibi ziyaret alanları da vermez, serbest ritim kullanır, doğaçlama yaparlardı. bulunuyor. Ayrıca hafta sonlarına özel olarak boyama ve Zaman içerisinde bu esneklik birtakım standartlara el işi etkinlikleri gerçekleştiriliyor. Bunun yanı sıra bilim bürünerekgünümüzde de kullanılan on iki ölçülü blues insanları tarafından yapılan mantar, kuş ve böcek kalıbının oluşmasını sağladı. XX. yüzyıla gelindiğinde incelemelerini ziyaretçiler gözlemleyebiliyor. blues müziğinin değişmez enstrümanı bançonun yanına Bu parçaya göre Konya Tropikal Kelebek Bahçesi ile İrlandalı ve İskoç göçmenlerin etkisiyle mandolin ile gitar ilgili aşağıdakilerden hangisi söylenemez? da eklendi.1920’lerdeblues müziğindenetkilenencaz yükselişe geçti. Bu aşamadan sonra blues sadece Afrika göçmenlerinin dinlediği ve ürettiği bir müzik olmaktan çıkıp tüm dünyada tanındı. Ama bu şarkıların ezgisi, sonuna kadar Afrika’nın dokusunu bünyesinde taşımaya devam etti. C)Dışarıdaki hava koşullarından etkilenmeyen bir ortama sahiptir. D)Kelebek mimarisiyle yurt dışındaki benzerlerinden ayrılır.",Bulunduğu şehrin öne çıkan yapıları arasında yer alır.,Bünyesinde çeşitli bilimsel ve sosyal etkinlikler yapılır.,,,,,,TYT Türkçe,,Türkçe
Bu parçada blues ile ilgili aşağıdakilerin hangisine değinilmemiştir? C)Temsil ettiği duyguların çeşitliliğine D)İcra edilmesinde kullanılan aletlere,Tarih içerisinde gösterdiği gelişime,Ortaya çıkış zamanının belirsizliğine,,,İçinde bir kelebeğin yaşam serüveni gözlemlenebilir.,,,TYT Türkçe,,Türkçe
"soruları aşağıdaki parçaya göre 34. Kelebek şeklindeki mimarisiyle şehrin sembol ziyaret cevaplayınız. mekânlarından Konya Tropikal Kelebek Bahçesi, Avrupa’nın en büyük tropikal kelebek bahçesidir. 7.600 metrekare büyüklüğündeki vadinin yaklaşık 1.600 Doğuşu içinköleliğin kaldırıldığı 1865 yılı gösterilse de metrekaresi kelebek uçuş alanıdır. Yaz kış 26 derece aslında blues müziğininne zaman ortaya çıktığıtam sıcaklık ve yüzde 80 nem koşullarının sağlandığı bahçe, olarak bilinmiyor. Afrika’dan Amerika topraklarına köle 150 türe ait 20.000’den fazla tropikal bitkiye ve 45 türde olarak getirilenler;tarlada çalışırken özlemini duydukları binlerce kelebeğe yaşam alanı sunuyor. Kelebeklerin özgürlüğü, yaşadıkları acıları, aşkıve gündelik sıkıntıları larvadan kelebek hâline gelişindeki tüm evrelerinin adım blues tarzında söyledikleri şarkılarla dile getirirdi. adım izlenebildiği bahçede Kelebek Müzesi, Böcek Şarkılarını söylerkensesin temiz tınısına pekönem Müzesi ve Doğa Eğitim Sınıfı gibi ziyaret alanları da vermez, serbest ritim kullanır, doğaçlama yaparlardı. bulunuyor. Ayrıca hafta sonlarına özel olarak boyama ve Zaman içerisinde bu esneklik birtakım standartlara el işi etkinlikleri gerçekleştiriliyor. Bunun yanı sıra bilim bürünerekgünümüzde de kullanılan on iki ölçülü blues insanları tarafından yapılan mantar, kuş ve böcek kalıbının oluşmasını sağladı. XX. yüzyıla gelindiğinde incelemelerini ziyaretçiler gözlemleyebiliyor. blues müziğinin değişmez enstrümanı bançonun yanına Bu parçaya göre Konya Tropikal Kelebek Bahçesi ile İrlandalı ve İskoç göçmenlerin etkisiyle mandolin ile gitar ilgili aşağıdakilerden hangisi söylenemez? da eklendi.1920’lerdeblues müziğindenetkilenencaz yükselişe geçti. Bu aşamadan sonra blues sadece Afrika göçmenlerinin dinlediği ve ürettiği bir müzik olmaktan çıkıp tüm dünyada tanındı. Ama bu şarkıların ezgisi, sonuna kadar Afrika’nın dokusunu bünyesinde taşımaya devam etti. C)Dışarıdaki hava koşullarından etkilenmeyen bir ortama sahiptir. D)Kelebek mimarisiyle yurt dışındaki benzerlerinden ayrılır. 35. Bu parçada blues ile ilgili aşağıdakilerin hangisine değinilmemiştir? C)Temsil ettiği duyguların çeşitliliğine D)İcra edilmesinde kullanılan aletlere 36. Bu parçaya göre blues ile ilgili aşağıdakilerden hangisi söylenebilir? dünyaya yayılmıştır. oluşturmuştur. C)Ritmindeki çeşitlilik sayesinde geniş kitlelere hitap etmiştir. D)Bireyselliğin ön plana çıktığı müzik türleri içinde kabul görmüştür. girmesini zorlaştırmıştır. 11 Diğer sayfaya geçiniz. 2024-TYT/TÜR 37 - 38. soruları aşağıdaki parçaya göre 38. Bu parçaya göre mühendislik uygulamasıyla ilgili cevaplayınız. aşağıdakilerden hangisi söylenebilir? Araştırmacılar, bitkilerden esinlenerek çeşitli ürünler ortaya koyuyor. Bu esin kaynaklarından biri de etçil bir bitki olan “güneş gülü”dür. Bu bitkinin yaprakları, çalışır. uçlarında yapışkan bir madde olan tüylerle kaplıdır. Yaprakların üzerine konan böcekler, buradaki maddeye C)Doğa bilimlerinin temel yaklaşımlarını benimser. saplanıp kalır. Ardından bitki, yaprakları ile avının etrafını sarar. Bunun sırrı yaprakların yapısında gizlidir. D)Bireyde çevreyi koruma bilincigeliştirmeyi amaçlar. Üst kısmındaki hücreler yuvarlak, alt kısmındakiler ise ince ve uzun bir şekle sahiptir. Yapraklara dokunan canlıların tetiklediği biyokimyasal sinyaller, hücrelerin tasarlar. iç basıncının değişmesine neden olur. Tıpkı şişirilen bir balonun hangi şekli alacağının yapısına bağlı olması gibi yapraklar da basınca göre şekil değiştirir. Alt kısmındaki hücreler, üsttekilere göre daha fazla şişer ve bu sayede avı sıkıca kavrar. Bitkinin bu hareketi, bilim insanlarının nesneleri kavrayabilen robot parmakları tasarlamalarına ilham kaynağı olmuştur. Doğadan esinlenilen bu mühendislik uygulamasında tasarımın nasıl çalışacağını önceden bilmek mümkün olduğundan ürün prototipinin test edilme süresi de büyük ölçüde kısalmakta ve teknolojik gelişme hız kazanmaktadır.",Bulunduğu şehrin öne çıkan yapıları arasında yer alır.,Bünyesinde çeşitli bilimsel ve sosyal etkinlikler yapılır.,,,İçinde bir kelebeğin yaşam serüveni gözlemlenebilir.,,,TYT Türkçe,,Türkçe
Bu parçaya göre güneş gülü hakkında aşağıdakilerin hangisi söylenemez? müdahaleyle açığa çıkar. kabiliyeti kazandırır. C)Duyarlı tüyleri hareketi algılayarak şekil değiştirmesine olanak tanır. D)Yapraklarına uygulanan dışsal kuvvet kimyasal yapısını kalıcı olarak değiştirir. hareketsiz kalmasını sağlar. 12 Diğer sayfaya geçiniz.,Kimyasal etkileşime ve uyarana yönelik tepkileri dış,Hücreleri arasındaki yapısal farklar ona hareket,,,Salgıladığı bir madde temas sonrasında avının,,,TYT Türkçe,,Türkçe
"soruları aşağıdaki parçaya göre 38. Bu parçaya göre mühendislik uygulamasıyla ilgili cevaplayınız. aşağıdakilerden hangisi söylenebilir? Araştırmacılar, bitkilerden esinlenerek çeşitli ürünler ortaya koyuyor. Bu esin kaynaklarından biri de etçil bir bitki olan “güneş gülü”dür. Bu bitkinin yaprakları, çalışır. uçlarında yapışkan bir madde olan tüylerle kaplıdır. Yaprakların üzerine konan böcekler, buradaki maddeye C)Doğa bilimlerinin temel yaklaşımlarını benimser. saplanıp kalır. Ardından bitki, yaprakları ile avının etrafını sarar. Bunun sırrı yaprakların yapısında gizlidir. D)Bireyde çevreyi koruma bilincigeliştirmeyi amaçlar. Üst kısmındaki hücreler yuvarlak, alt kısmındakiler ise ince ve uzun bir şekle sahiptir. Yapraklara dokunan canlıların tetiklediği biyokimyasal sinyaller, hücrelerin tasarlar. iç basıncının değişmesine neden olur. Tıpkı şişirilen bir balonun hangi şekli alacağının yapısına bağlı olması gibi yapraklar da basınca göre şekil değiştirir. Alt kısmındaki hücreler, üsttekilere göre daha fazla şişer ve bu sayede avı sıkıca kavrar. Bitkinin bu hareketi, bilim insanlarının nesneleri kavrayabilen robot parmakları tasarlamalarına ilham kaynağı olmuştur. Doğadan esinlenilen bu mühendislik uygulamasında tasarımın nasıl çalışacağını önceden bilmek mümkün olduğundan ürün prototipinin test edilme süresi de büyük ölçüde kısalmakta ve teknolojik gelişme hız kazanmaktadır. 37. Bu parçaya göre güneş gülü hakkında aşağıdakilerin hangisi söylenemez? müdahaleyle açığa çıkar. kabiliyeti kazandırır. C)Duyarlı tüyleri hareketi algılayarak şekil değiştirmesine olanak tanır. D)Yapraklarına uygulanan dışsal kuvvet kimyasal yapısını kalıcı olarak değiştirir. hareketsiz kalmasını sağlar. 12 Diğer sayfaya geçiniz.",Doğayı taklit ettiği tasarımlarıyla kabul görür.,Teknolojik gelişmeleri çevresel koşullara uyarlamaya,,,Doğadan hareketle işleyişi öngörülebilir ürünler,,,TYT Türkçe,,Türkçe
"Ferhat Paşa Antlaşması’ndan sonra Safevilerin, ham uymaması üzerine II. Balkan Seferi’ne çıkmış ve Doğu ipeği Anadolu üzerinden geçirmeden Avrupa’ya ihraç Roma ile Anatolios Antlaşması’nı imzalamıştır. Bu etmeleri, Osmanlı ekonomisine zarar vermiştir. Bunun antlaşmaya göre Doğu Roma, Hunlara savaş tazminatı üzerine Osmanlı Devleti karşı önlem olarak İran’ın ödeyecek ve önceden ödediği vergi üç katına ihtiyacı olan başta gümüş olmak üzere kıymetli çıkarılacak, Hun sınır şehri Niş’te pazar kurulacak ve madenlerin İran’a ihracatını engellemiştir. Ayrıca Doğu Roma’nın asker bulundurabileceği alanlar Safeviler, Osmanlıların dışta Habsburglarla kısıtlanacaktır. mücadelesini ve içte Celâli İsyanları ile uğraşmasını fırsat bilerek Şirvan, Azerbaycan ve Gürcistan’ı Buna göre Osmanlı’dan geri almıştır. Anadolu’da devlet otoritesini I. antlaşma sonrasında Roma’nın ikiye ayrıldığı, yeniden kuran Sadrazam Kuyucu Murat Paşa’nın, Safeviler üzerine yürümesiyle Şah Abbas; II. Hunların ekonomik açıdan kazanımlar elde ettiği, Osmanlılardan barış istemiş ve sonuçta iki devlet III.Doğu Roma üzerinde Hunların, üstünlüğünü arasında 1612 yılında Nasuh Paşa Antlaşması devam ettirdiği imzalanmıştır. ifadelerinden hangilerine ulaşılabilir? Buna göre aşağıdakilerden hangisi söylenemez? A)Yalnız I B)Yalnız II C)I ve II zorunda kaldığı D)II ve III E)I, II ve III düşürmek istediği C)İçeride yaşanan sorunların da etkisiyle Osmanlıların toprak kaybı yaşadığı 2. I. Alâeddin Keykubad’ın Moğollara karşı birlikte D)Safevilerin, Kafkasya’ya doğru harekete geçerek hareket etme teklifini reddeden, Ahlat’ı kuşatarak topraklarını genişlettiği Anadolu için bir tehdit oluşturan ve Yassıçemen Savaşı’nda Türkiye Selçukluları tarafından mağlup edilen devlet aşağıdakilerden hangisidir? ittifak yaptığı A)Karakoyunlular B)Gazneliler C)Bizans D)Akkoyunlular E)Harzemşahlar 14 Diğer sayfaya geçiniz. 2024-TYT/SOS",Osmanlı Devleti’nin birden fazla sorunla başa çıkmak,"Safevilerin, ticari olarak Osmanlıları zor duruma",,,"Safevilerin, Osmanlı Devleti’ne karşı Habsburglarla",,,TYT Sosyal,,Sosyal Bilimler
"İzmir’in işgalinin ertesi günü Denizli Müftüsü Ahmet 6. Doğal sistemleri oluşturan dört temel ortamdan biri olan Hulusi Efendi “Her ne pahasına olursa olsun Yunanlara atmosferin, yeryüzündeki canlı ve cansız unsurlar karşı koymak gerekir. (…) Ben fetva veriyorum. Silah ve üzerinde çeşitli etkileri bulunmaktadır. cephane azlığı veya yokluğu hiçbir zaman kavgaya mani Buna göre olmayacaktır. Hiçbir müdafaa vasıtası olmayan bir Müslüman dahi yerden üç taş alarak düşmana atmaya I. Canlı yaşamı için gerekli olan gaz bileşenlerini mecburdur.” diyerek halkı mücadeleye çağırmıştır. sağlar. Buna göre aşağıdakilerden hangisi söylenebilir? II. Güneş enerjisinin doğrudan yeryüzüne ulaşmasını sağlar. III.Gök taşlarının yeryüzüne ulaşmasını büyük Devletleri ile iş birliği yapıldığı oranda engeller. karşı ilk direnişin Denizli’de başladığı gösterilemez? C)İmkânsızlıklara rağmen işgal güçlerine karşı mücadele A)Yalnız I B)Yalnız II C)Yalnız III edilmesi gerektiği D)I ve II E)II ve III D)Damat Ferit Hükûmetinin işgallere karşı din adamlarını halkı örgütlemekle görevlendirdiği açıklamalarının halkı sakinleştirdiği 7. Aşağıda, bir alanda yükselti basamaklarına göre bitki dağılışını gösteren bir şekil ve üzerinde bazı alanların numaralandırılarak gösterildiği bir harita verilmiştir.",Yunan ordusunun İzmir’den çekilmesi için İtilaf,Mondros Mütarekesi sonrasında başlayan işgallere ifadelerinden hangileri bu etkilere örnek,,,İtilaf Devletlerinin işgallerin geçici olduğu yönündeki,,,TYT Sosyal,,Sosyal Bilimler
"Peyam-ı Sabah gazetesi muhabirinin “Lozan Barış Konferansı’na İstanbul Hükûmetinden bir heyet gidecek mi?” şeklindeki sorusuna Refet Paşa, “Mudanya Mütarekesi yalnız TBMM Hükûmeti adına imza edildi. Binaenaleyh bu defa da konferansta Türk Devleti’ni yalnız bu devletin yegâne meşru hükûmeti olan TBMM Hükûmeti temsil edebilir.” cevabını vermiştir. Lozan Konferansı öncesinde TBMM’nin aldığı ve Refet Paşa’nın bu görüşüyle aynı doğrultuda olan karar aşağıdakilerden hangisidir? C)Kabine sistemine geçilmesi D)Milletvekili seçimlerine gidilmesi Dağılışı gösterilen bu bitkiler haritada numaralandırılan alanların hangisinde görülür? 15 Diğer sayfaya geçiniz. 2024-TYT/SOS",Halifeliğin kaldırılması,Saltanat sistemine son verilmesi,,,Takrir-i Sükûn Kanunu’nun çıkarılması,,,TYT Sosyal,,Sosyal Bilimler
"Doğal sistemleri oluşturan dört temel ortamdan biri olan Hulusi Efendi “Her ne pahasına olursa olsun Yunanlara atmosferin, yeryüzündeki canlı ve cansız unsurlar karşı koymak gerekir. (…) Ben fetva veriyorum. Silah ve üzerinde çeşitli etkileri bulunmaktadır. cephane azlığı veya yokluğu hiçbir zaman kavgaya mani Buna göre olmayacaktır. Hiçbir müdafaa vasıtası olmayan bir Müslüman dahi yerden üç taş alarak düşmana atmaya I. Canlı yaşamı için gerekli olan gaz bileşenlerini mecburdur.” diyerek halkı mücadeleye çağırmıştır. sağlar. Buna göre aşağıdakilerden hangisi söylenebilir? II. Güneş enerjisinin doğrudan yeryüzüne ulaşmasını sağlar. III.Gök taşlarının yeryüzüne ulaşmasını büyük Devletleri ile iş birliği yapıldığı oranda engeller. karşı ilk direnişin Denizli’de başladığı gösterilemez? C)İmkânsızlıklara rağmen işgal güçlerine karşı mücadele A)Yalnız I B)Yalnız II C)Yalnız III edilmesi gerektiği D)I ve II E)II ve III D)Damat Ferit Hükûmetinin işgallere karşı din adamlarını halkı örgütlemekle görevlendirdiği açıklamalarının halkı sakinleştirdiği",Yunan ordusunun İzmir’den çekilmesi için İtilaf,Mondros Mütarekesi sonrasında başlayan işgallere ifadelerinden hangileri bu etkilere örnek,,,İtilaf Devletlerinin işgallerin geçici olduğu yönündeki,,,TYT Sosyal,,Sosyal Bilimler
"Aşağıda, bir alanda yükselti basamaklarına göre bitki dağılışını gösteren bir şekil ve üzerinde bazı alanların numaralandırılarak gösterildiği bir harita verilmiştir. 5. Peyam-ı Sabah gazetesi muhabirinin “Lozan Barış Konferansı’na İstanbul Hükûmetinden bir heyet gidecek mi?” şeklindeki sorusuna Refet Paşa, “Mudanya Mütarekesi yalnız TBMM Hükûmeti adına imza edildi. Binaenaleyh bu defa da konferansta Türk Devleti’ni yalnız bu devletin yegâne meşru hükûmeti olan TBMM Hükûmeti temsil edebilir.” cevabını vermiştir. Lozan Konferansı öncesinde TBMM’nin aldığı ve Refet Paşa’nın bu görüşüyle aynı doğrultuda olan karar aşağıdakilerden hangisidir? C)Kabine sistemine geçilmesi D)Milletvekili seçimlerine gidilmesi Dağılışı gösterilen bu bitkiler haritada numaralandırılan alanların hangisinde görülür? 15 Diğer sayfaya geçiniz. 2024-TYT/SOS",Halifeliğin kaldırılması,Saltanat sistemine son verilmesi,,,Takrir-i Sükûn Kanunu’nun çıkarılması,,,TYT Sosyal,,Sosyal Bilimler
"Sahip olduğu doğal ve beşerî özellikler dikkate alınarak Dünya üzerinde şekilsel bölgeler oluşturulabilir. Bunlardan bazıları aynı zamanda birden çok şekilsel bölge içerisinde yer alabilir. Bu ülkelerle ilgili I. L ülkesindeki çalışma çağı nüfus oranı, K ülkesinden yüksektir. Buna göre haritada kırmızı renkle gösterilen alanın II. K ülkesinde ortalama ömür, L ülkesinden daha aşağıdaki bölge türlerinden hangisi içerisinde düşüktür. yer aldığı söylenemez? III.L ülkesinde ortanca yaş, K ülkesinden daha düşüktür. IV.K ülkesinde okuryazar nüfus oranı, L ülkesinden yüksektir. ifadelerinden hangileri söylenebilir? C)Seyrek nüfuslu bölge A)I ve II B)I ve III C)II ve III D)Karstik yer şekilleri bölgesi D)II ve IV E)III ve IV",Çöl bölgesi,İslam kültür bölgesi,,,Az gelişmiş bölge,,,TYT Sosyal,,Sosyal Bilimler
"Hegel, Hukuk Felsefesinin Prensipleri adlı eserinde 13. XX. yüzyıl düşünürlerinden Martha Nussbaum, “Var olanı kavramak felsefenin görevidir çünkü var olan tragedyaları yaşamlarımıza yol gösteren bir kaynak akıldır. Bireye gelince herkes kendi zamanının olarak gördüğü İyiliğin Kırılganlığı adlı çalışmasında tüm çocuğudur, felsefe de aynı şekilde kendi zamanını etik sorgulamalara zemin oluşturabilecek şu soruya düşüncede özetler.” der. Felsefenin kendi zamanını yanıt arar: Dünyada başımıza gelebilecek kötü düşüncede özetlemesi ise ancak olaylar yaşandıktan rastlantılar iyi bir insan olmamız üzerinde ne derece sonra gerçekleşir. Bu yönüyle felsefe, dünyanın nasıl bir etkilidir? Ona göre tragedyalar insanın her an her şeyle yer olması gerektiğine dair bilgi vermek üzere sahneye karşılaşabilme ihtimalini gözler önüne serer ve iyiliğin hep geç gelir. Hegel’in, Romalı bilgelik tanrıçasına atfen kesin olmayana razı olmayı içeren bir kırılganlık söylediği gibi “Minerva’nın baykuşu ancak gün batarken taşıdığını gösterir. Tıpkı tragedyalarda olduğu gibi uçmaya başlar.”. Minerva’nın baykuşu bilginin yaşamda da nazik bir davranışımız kabalıkla, yaptığımız taşıyıcısıdır ve tarih somut bir şekilde kendini bir yardım nankörlükle karşılık bulabilir. Kısacası iyi bir gerçekleştirdiğinde kanatlarını açar ve uçmaya başlar. insan olmak, gerçekleştirilen her eylemde incinmeyi göze almakla mümkündür. Bu parçadan felsefeyle ilgili aşağıdakilerin hangisine ulaşılabilir? Bu parçadan aşağıdakilerin hangisine ulaşılabilir? kavrar. belirlenir. C)Ele aldığı konularla olayların akışını değiştirebilir. C)İyi yaşam, risklerden akıllıca uzaklaşabilmeyi gerektirir. D)Dünyayı yorumlamayı değil basitçe algılamayı hedefler. D)İyi davranış, belirsizlikte bile yönünü değiştirmeyendir. engeldir.",Mevcut zamanın ötesine geçip tüm çağlara hitap eder. A) Bir davranışı ahlaken iyi yapan şey içerdiği niyettir.,"Bir dönemin olaylarını olup bittikten sonra düşüncede B) İyinin değeri, eylemin gerçekleştirilme şekliyle",,,İnsana dair her türlü mesele üzerine fikir yürütebilir. E) Dünyanın ve yaşamın rastgeleliği iyiliğin önünde,,,TYT Sosyal,,Sosyal Bilimler
"Adını atom bombasını geliştiren ekibin liderinden alan Oppenheimer filmi, dünyayı etkileyen bir buluşun nasıl ortaya çıktığını anlatırken bilimsel bilginin niteliğine ilişkin de düşündürür. Filmde Oppenheimer’ın ulusal bir kahraman olarak hızla yükselişi ve bir idari soruşturma ile gözden düşüşü arasında birçok olaya şahit oluruz. Nitekim onun felsefi sorgulamaları, romantik ve siyasi ilişkileri, dönemin diğer bilim insanları ile yaşadığı fikir uyuşmazlıkları ve rekabet; bilimsel gelişmelerin dış dünyadan yalıtılmış değil kişisel motivasyonların, ahlaki değerlerin ve siyasi beklentilerin şekillendirdiği tarihsel bir bağlam içinde gerçekleştiğini gösterir. Bu parçada aşağıdakilerden hangisi vurgulanmaktadır? gösterir. C)Bilim insanlarının birtakım ahlaki yükümlülükleri vardır. D)Bilim, kişisel değer yargıları ve toplumsal koşullarla iç içedir. kaynaktır. 17 Diğer sayfaya geçiniz. 2024-TYT/SOS",Bilimsel bulgular toplumdan topluma değişiklik,Bilimsel bilgi yenilenme ve güncellenmeye açıktır.,,,Bilim tarihi için biyografik filmler vazgeçilmez bir,,,TYT Sosyal,,Sosyal Bilimler
"XX. yüzyıl düşünürlerinden Martha Nussbaum, “Var olanı kavramak felsefenin görevidir çünkü var olan tragedyaları yaşamlarımıza yol gösteren bir kaynak akıldır. Bireye gelince herkes kendi zamanının olarak gördüğü İyiliğin Kırılganlığı adlı çalışmasında tüm çocuğudur, felsefe de aynı şekilde kendi zamanını etik sorgulamalara zemin oluşturabilecek şu soruya düşüncede özetler.” der. Felsefenin kendi zamanını yanıt arar: Dünyada başımıza gelebilecek kötü düşüncede özetlemesi ise ancak olaylar yaşandıktan rastlantılar iyi bir insan olmamız üzerinde ne derece sonra gerçekleşir. Bu yönüyle felsefe, dünyanın nasıl bir etkilidir? Ona göre tragedyalar insanın her an her şeyle yer olması gerektiğine dair bilgi vermek üzere sahneye karşılaşabilme ihtimalini gözler önüne serer ve iyiliğin hep geç gelir. Hegel’in, Romalı bilgelik tanrıçasına atfen kesin olmayana razı olmayı içeren bir kırılganlık söylediği gibi “Minerva’nın baykuşu ancak gün batarken taşıdığını gösterir. Tıpkı tragedyalarda olduğu gibi uçmaya başlar.”. Minerva’nın baykuşu bilginin yaşamda da nazik bir davranışımız kabalıkla, yaptığımız taşıyıcısıdır ve tarih somut bir şekilde kendini bir yardım nankörlükle karşılık bulabilir. Kısacası iyi bir gerçekleştirdiğinde kanatlarını açar ve uçmaya başlar. insan olmak, gerçekleştirilen her eylemde incinmeyi göze almakla mümkündür. Bu parçadan felsefeyle ilgili aşağıdakilerin hangisine ulaşılabilir? Bu parçadan aşağıdakilerin hangisine ulaşılabilir? kavrar. belirlenir. C)Ele aldığı konularla olayların akışını değiştirebilir. C)İyi yaşam, risklerden akıllıca uzaklaşabilmeyi gerektirir. D)Dünyayı yorumlamayı değil basitçe algılamayı hedefler. D)İyi davranış, belirsizlikte bile yönünü değiştirmeyendir. engeldir. 12. Adını atom bombasını geliştiren ekibin liderinden alan Oppenheimer filmi, dünyayı etkileyen bir buluşun nasıl ortaya çıktığını anlatırken bilimsel bilginin niteliğine ilişkin de düşündürür. Filmde Oppenheimer’ın ulusal bir kahraman olarak hızla yükselişi ve bir idari soruşturma ile gözden düşüşü arasında birçok olaya şahit oluruz. Nitekim onun felsefi sorgulamaları, romantik ve siyasi ilişkileri, dönemin diğer bilim insanları ile yaşadığı fikir uyuşmazlıkları ve rekabet; bilimsel gelişmelerin dış dünyadan yalıtılmış değil kişisel motivasyonların, ahlaki değerlerin ve siyasi beklentilerin şekillendirdiği tarihsel bir bağlam içinde gerçekleştiğini gösterir. Bu parçada aşağıdakilerden hangisi vurgulanmaktadır? gösterir. C)Bilim insanlarının birtakım ahlaki yükümlülükleri vardır. D)Bilim, kişisel değer yargıları ve toplumsal koşullarla iç içedir. kaynaktır. 17 Diğer sayfaya geçiniz. 2024-TYT/SOS",Mevcut zamanın ötesine geçip tüm çağlara hitap eder. A) Bir davranışı ahlaken iyi yapan şey içerdiği niyettir.,"Bir dönemin olaylarını olup bittikten sonra düşüncede B) İyinin değeri, eylemin gerçekleştirilme şekliyle",,,İnsana dair her türlü mesele üzerine fikir yürütebilir. E) Dünyanın ve yaşamın rastgeleliği iyiliğin önünde,,,TYT Sosyal,,Sosyal Bilimler
"Locke’a göre nesnelerin birincil ve ikincil nitelikleri vardır. Birincil nitelikler büyüklük, yer kaplama gibi Derya: Ejderhayı düşünmek onu var etmediğine göre nesnenin kendisinde olan ve algısal olarak tabii ki hayır. bilebileceğimiz niteliklerdir. İkincil nitelikler ise Engin:Peki, istediğim her şeyi düşünebileceğime göre nesnelerin birincil nitelikleri nedeniyle zihnimizde oluşan en mükemmel varlığı da düşünebilirim değil mi? renk, koku, tat gibi niteliklerdir. Örneğin bir gülün şekli birincil niteliğidir ve zihnimizden bağımsız olarak o gülün Derya:Nereye gelmek istediğini anlıyorum fakat bu onu kendisinde vardır. Fakat gülün kırmızı rengi ve kokusu var etmez. için aynı şey söylenemez. Çünkü ikincil nitelikler varlıklarını “nesnel” olan birincil niteliklere borçlu olsalar Engin: Tamam, haklı olabilirsin ama bir şeyin da kendileri aslında o nesnelerin içinde değillerdir, düşünülmüş hâli mi, var olan hâli mi daha üstündür? algılayan kişiye göre değişirler. İşte insanlar da gerçekte Derya: Elbette var olan hâli. maddi varlıkların tözsel yapısı ile değil birincil ve ikincil nitelikleri ile epistemolojik ilişki kurar. Engin:O hâlde bir şeye en mükemmel diyebilmemiz için onun var olması gerekmez mi? Ayrıca bir şeye Tanrı Bu parçada Locke’ın hangi görüşü diyebilmemiz için de onun en mükemmel şey olması vurgulanmaktadır? gerekmez mi? Anselmus’un Tanrı kanıtlamasına örnek olabilecek iyi biliriz. bu diyalogtan Tanrı’nın varlığıyla ilgili aşağıdakilerin hangisine ulaşılabilir? bilgisine ulaşamayız. C)Maddi olmayan varlıkların gerçek özlerini bilmemiz C)Evrenin düzeninden hareketle kanıtlanabilir. D)Renk, koku gibi nitelikler varlığın asıl nitelikleridir. D)Her şeyin ilk nedeni Tanrı olduğu için kanıtlanabilir. yoktur. 18 Diğer sayfaya geçiniz. 2024-TYT/SOS 16 - 20. soruları Din Kültürü ve Ahlak Bilgisi dersini yasal olarak almak zorunda olanlar ve 18. “Bildiklerini anlat ama akıl vermeye kalkma. İmam Hatip Okulları öğrencileri/mezunları cevaplayacaktır. Anlatılanları iyi dinle ama hepsini doğru sanma. Sessiz kalmak, bir şey bilmediğin anlamına gelmez.",Nesnelere ait ikincil nitelikleri birincil niteliklerden daha,Nesnelerin niteliklerinin ötesinde ne olduğunun,,,Duyumlarımıza kaynaklık eden nesnel bir dış dünya,,,TYT Sosyal,,Sosyal Bilimler
"Öğretmen, derste ahlaki davranışların neler olduğu ve yeryüzünü diriltir. Siz de (mezarlarınızdan) işte böyle bir davranışın ahlaki olup olmadığının nasıl anlaşılacağı çıkarılacaksınız. Sizi topraktan yaratması, O’nun konusunda bir tartışma başlatmıştır. Bu konuda (varlığının ve kudretinin) delillerindendir. Sonra bir de öğrenciler şunları söylemiştir: gördünüz ki siz beşer olmuş (çoğalıp) yayılıyorsunuz.” Furkan: Allah Kur’an’da hangi davranışların doğru veya (Rum, 30:18-20) yanlış olduğuna dair açıklamalar yapmaktadır. Bu ayetlerden hareketle aşağıdakilerin hangisine Zeynep: Bence bir davranışın iyi veya kötü olduğunu ulaşılamaz? düşünerek bulabiliriz. Örneğin yalan söylemek herkes için kötü bir davranıştır. Topluma zarar veren bu davranışın iyi olduğunu kimse iddia edemez. Efe: Bir davranışın doğru olup olmadığını gözlemleyerek de karar verebiliriz. Örneğin hafta sonu ev işlerinde C)İnsanın varlık bulması Allah’ın gücünü gösterir. anneme yardım ettiğim için annem çok mutlu olmuştu. Bunu gören küçük kardeşim de aynı şekilde davranmak D)İnsan yaptıklarından hesaba çekilecektir. istedi. Öğrencilerin bu cevapları İslam’a göre bilgi edinme olaylardır. yollarından hangilerini örneklendirmiştir? Furkan Zeynep Efe C)Sadık haber Selim akıl Salim duyu D)Selim akıl Salim duyu Sadık haber 19 Diğer sayfaya geçiniz. 2024-TYT/SOS 21 - 25. soruları Din Kültürü ve Ahlak Bilgisi",İnsanı ölümden sonra başka bir hayat beklemektedir.,Allah’ı anmak ve hatırlamak gerekmektedir.,,,Kainatta var olan değişimler insanın ibret alacağı,,,TYT Sosyal,,Sosyal Bilimler
"Kur’an-ı Kerim’de şöyle buyurulmaktadır: “Göklerde ve yerde hamd O’na mahsustur. Gündüzün sonunda ve öğle vaktine girdiğinizde Allah’ı tesbih edin. Allah, diriyi ölüden ölüyü de diriden çıkarır. Ölümünden sonra 17. Öğretmen, derste ahlaki davranışların neler olduğu ve yeryüzünü diriltir. Siz de (mezarlarınızdan) işte böyle bir davranışın ahlaki olup olmadığının nasıl anlaşılacağı çıkarılacaksınız. Sizi topraktan yaratması, O’nun konusunda bir tartışma başlatmıştır. Bu konuda (varlığının ve kudretinin) delillerindendir. Sonra bir de öğrenciler şunları söylemiştir: gördünüz ki siz beşer olmuş (çoğalıp) yayılıyorsunuz.” Furkan: Allah Kur’an’da hangi davranışların doğru veya (Rum, 30:18-20) yanlış olduğuna dair açıklamalar yapmaktadır. Bu ayetlerden hareketle aşağıdakilerin hangisine Zeynep: Bence bir davranışın iyi veya kötü olduğunu ulaşılamaz? düşünerek bulabiliriz. Örneğin yalan söylemek herkes için kötü bir davranıştır. Topluma zarar veren bu davranışın iyi olduğunu kimse iddia edemez. Efe: Bir davranışın doğru olup olmadığını gözlemleyerek de karar verebiliriz. Örneğin hafta sonu ev işlerinde C)İnsanın varlık bulması Allah’ın gücünü gösterir. anneme yardım ettiğim için annem çok mutlu olmuştu. Bunu gören küçük kardeşim de aynı şekilde davranmak D)İnsan yaptıklarından hesaba çekilecektir. istedi. Öğrencilerin bu cevapları İslam’a göre bilgi edinme olaylardır. yollarından hangilerini örneklendirmiştir? Furkan Zeynep Efe C)Sadık haber Selim akıl Salim duyu D)Selim akıl Salim duyu Sadık haber 19 Diğer sayfaya geçiniz. 2024-TYT/SOS 21 - 25. soruları Din Kültürü ve Ahlak Bilgisi",İnsanı ölümden sonra başka bir hayat beklemektedir.,Allah’ı anmak ve hatırlamak gerekmektedir.,,,Kainatta var olan değişimler insanın ibret alacağı,,,TYT Sosyal,,Sosyal Bilimler
"soruları Din Kültürü ve Ahlak Bilgisi dersini yasal olarak almak zorunda olanlar ve 18. “Bildiklerini anlat ama akıl vermeye kalkma. İmam Hatip Okulları öğrencileri/mezunları cevaplayacaktır. Anlatılanları iyi dinle ama hepsini doğru sanma. Sessiz kalmak, bir şey bilmediğin anlamına gelmez. 16. Kur’an-ı Kerim akla vurgu yaparak akıllı insanları Çok konuşmak da çok şey bildiğini göstermez. muhatap aldığını ve bilenle bilmeyenin bir olmayacağını belirtir. Ayrıca insanın; davranış, tutum ve inançlarına Herkesi kendine eşit gör. ilişkin seçimlerinde özgür bırakıldığına dikkat çeker. Her kim olursa olsun bir insanı küçümsemek akılsızlık, Bununla birlikte İslam dini her insanın Allah’a yönelerek çok büyük görmek de korkaklıktır. ibadet ve dualarıyla doğrudan O’na yalvarmasını ve O’ndan af dilemesini öğütler. Cesaret akıldan gelirse cesarettir, bilgisizlikten gelirse cehalettir.” Bu parçada İslam inanç esaslarının Hz. Mevlana’nın bu öğütlerinden aşağıdaki ahlaki I. hür iradeyi temel alması, değerlerin hangisine ulaşılamaz? II. sade ve yalın olması, A)İtidal B)Tevazu C)Şecaat III.korku ile ümit arasında yaşamayı tavsiye etmesi özelliklerinden hangilerine değinilmiştir? D)Hikmet E)Gıpta A)Yalnız I B)Yalnız II C)I ve II D)I ve III E)II ve III 19. Kur’an-ı Kerim’de şöyle buyurulmaktadır: “Göklerde ve yerde hamd O’na mahsustur. Gündüzün sonunda ve öğle vaktine girdiğinizde Allah’ı tesbih edin. Allah, diriyi ölüden ölüyü de diriden çıkarır. Ölümünden sonra 17. Öğretmen, derste ahlaki davranışların neler olduğu ve yeryüzünü diriltir. Siz de (mezarlarınızdan) işte böyle bir davranışın ahlaki olup olmadığının nasıl anlaşılacağı çıkarılacaksınız. Sizi topraktan yaratması, O’nun konusunda bir tartışma başlatmıştır. Bu konuda (varlığının ve kudretinin) delillerindendir. Sonra bir de öğrenciler şunları söylemiştir: gördünüz ki siz beşer olmuş (çoğalıp) yayılıyorsunuz.” Furkan: Allah Kur’an’da hangi davranışların doğru veya (Rum, 30:18-20) yanlış olduğuna dair açıklamalar yapmaktadır. Bu ayetlerden hareketle aşağıdakilerin hangisine Zeynep: Bence bir davranışın iyi veya kötü olduğunu ulaşılamaz? düşünerek bulabiliriz. Örneğin yalan söylemek herkes için kötü bir davranıştır. Topluma zarar veren bu davranışın iyi olduğunu kimse iddia edemez. Efe: Bir davranışın doğru olup olmadığını gözlemleyerek de karar verebiliriz. Örneğin hafta sonu ev işlerinde C)İnsanın varlık bulması Allah’ın gücünü gösterir. anneme yardım ettiğim için annem çok mutlu olmuştu. Bunu gören küçük kardeşim de aynı şekilde davranmak D)İnsan yaptıklarından hesaba çekilecektir. istedi. Öğrencilerin bu cevapları İslam’a göre bilgi edinme olaylardır. yollarından hangilerini örneklendirmiştir? Furkan Zeynep Efe C)Sadık haber Selim akıl Salim duyu D)Selim akıl Salim duyu Sadık habe",İnsanı ölümden sonra başka bir hayat beklemektedir.,Allah’ı anmak ve hatırlamak gerekmektedir.,,,Kainatta var olan değişimler insanın ibret alacağı,,,TYT Sosyal,,Sosyal Bilimler
"Selma, sarı ve mavi renklerden oluşan özdeş rasyonel sayıları kullanılarak mandallarla tasarladığı bir oyuncağın 1. adımında yere aynı grupta bulunan sayıların toplamı 1'e eşit olacak bir mandal koyuyor. Sonraki her adımda bir önceki adımda koyduğu tüm mandalların mavi kısımlarına şekilde, ikişer elemanlı iki grup oluşturuluyor. şekildeki gibi birer mandal takıp bir sonraki adıma Buna göre bu sayılardan hangisi oluşturulan geçiyor. Selma, bu oyuncağın ilk 3 adımını 7 mandal gruplarda yer almaz? kullanarak aşağıdaki gibi tamamlıyor. 2. Buna göre Selma’nın 12. adımı tamamladıktan sonra kullandığı toplam mandal sayısı, 10. adımı tamamladıktan sonra kullandığı toplam mandal sayısından kaç fazladır? Sena, mayıs ayına ait tüm harcamalarının kategorilere göre dağılımlarını bankasının mobil uygulamasında şekildeki gibi görüntülemektedir. Buna göre Sena’nın kategorisindeki harcamalarının tüm harcamalarına oranı yüzde kaçtır? 22 Diğer sayfaya geçiniz. 2024-TYT/TEM",B) C) D) E),C) D) E),D) E),"E) 2. Buna göre Selma’nın 12. adımı tamamladıktan sonra kullandığı toplam mandal sayısı, 10. adımı tamamladıktan sonra kullandığı toplam mandal sayısından kaç fazladır? A)",2. Buna göre Selma’nın,,,TYT Matematik,,Matematik
"Elif’in, matematik kitabında okuduğu bir not aşağıdaki 6. Ali, Burcu ve Can; yayımlanacak olan okul dergisinin gibidir: sayfa sayısını sırasıyla 27, 35 ve 39 olarak tahmin etmiştir. Her bir tahmin değeri ile derginin sayfa sayısı arasındaki farkın mutlak değeri birbirinden farklı olmak üzere derginin sayfa sayısına en yakın tahminde bulunan kişi Burcu, en uzak tahminde bulunan kişi ise Can’dır. Buna göre derginin sayfa sayısının rakamları toplamı kaçtır? Elif, kitabına su damladığı için örnekteki b sayısını okuyamamıştır. Buna göre b sayısı aşağıdakilerden hangisi olamaz? 7. Her birinin içinde eşit sayıda elma bulunan iki kasa vardır. A ve B sınıflarındaki her öğrenci bir elma alacak biçimde, kasalardan birindeki elmalar A sınıfına dağıtıldığında bu kasada 3 elma kalmıştır. Diğer",4 B) 5 C)6 D)7 E) 8,5 C)6 D)7 E) 8,D) E),"E) 7. Her birinin içinde eşit sayıda elma bulunan iki kasa vardır. A ve B sınıflarındaki her öğrenci bir elma alacak biçimde, kasalardan birindeki elmalar A sınıfına dağıtıldığında bu kasada 3 elma kalmıştır. Diğer","8 Elif, kitabına su damladığı için örnekteki b sayısını okuyamamıştır. Buna göre b sayısı aşağıdakilerden hangisi olamaz? A) B) C) D) E)",,,TYT Matematik,,Matematik
"Aşağıdakilerden hangisi rasyonel sayı olmayan kasadaki elmalar B sınıfına dağıtıldığında ise bu kasada bir gerçel sayıdır? yeterli sayıda elma olmadığından 2 öğrenciye elma verilememiştir. Buna göre I. Her bir kasada tek sayıda elma bulunmaktadır. II. Bu iki sınıftaki öğrenci sayılarının farkı bir tek sayıdır. III.Bu iki sınıftaki öğrenci sayılarının çarpımı bir çift sayıdır. ifadelerinden hangileri kesinlikle doğrudur? A)Yalnız I B)Yalnız III C)I ve II D)II ve III E)I, II ve III 23 Diğer sayfaya geçiniz. 2024-TYT/TEM 8. Bir mağazada satılan bir bulaşık makinesi, bir çamaşır 9. türünden bazı değerleri verilen, eşit bölmelere makinesi ve bir buzdolabının maliyet fiyatları sırasıyla ayrılmış aşağıdaki termometrelerden hangisi 18 bin, 22 bin ve b TL'dir. Bu ürünler, üçlü beyaz eşya sıcaklığı göstermektedir? takımı olarak birlikte satılmaktadır. Bu takım; bir buzdolabının maliyet fiyatının iki katının 30 bin TL fazlasına satıldığında mağaza kâr etmekte, bir buzdolabının maliyet fiyatının üç katından 20 bin TL eksiğine satıldığında ise mağaza zarar etmektedir. Buna göre bir buzdolabının maliyet fiyatının alabileceği tüm değerleri ifade eden eşitsizlik aşağıdakilerden hangisidir? 2024-TYT/TEM 10. A ve B iki küme olmak üzere 11. Ayşe, uçakla yapacağı bir yolculuk için aşağıdakilerden olduğu ve kendine uygun olanları seçerek biletleme işlemini tamamlamıştır.  kümesinin elemanlarından ikisinin toplamının 8 olduğu,  kümesinin elemanlarından ikisinin farkının 8 olduğu,  kümesinin elemanlarından ikisinin çarpımının 8 olduğu biliniyor. A kümesindeki elemanların toplamı B kümesindeki elemanların toplamına eşit olduğuna göre kümesindeki elemanların toplamı kaçtır? Bu bilgilerle ilgili p: Koltuk seçimi için ücret ödemiştir. q: Bagaj seçimi için ücret ödememiştir. r : Yemek seçimi için ücret ödemiştir. önermeleri veriliyor. önermesinin doğru olduğu bilindiğine göre Ayşe’nin koltuk, bagaj ve yemek seçimi sırasıyla aşağıdakilerden hangisidir? 25 Diğer sayfaya geçiniz. 2024-TYT/TEM 12. Dik koordinat düzleminde f, g ve h fonksiyonlarının 14. A, B ve C birbirinden farklı rakamlar olmak üzere grafikleri şekilde verilmiştir. A rakamı B rakamının, B rakamı ise C rakamının birer tam sayı katıdır. ABC üç basamaklı doğal sayısı 3 ile tam bölünebildiğine göre bu sayının rakamları çarpımı kaçtır? f, g ve h fonksiyonları için eşitsizlikleri sağlandığına göre aşağıdaki 15. Üç basamaklı bir doğal sayının onlar basamağındaki sıralamalardan hangisi doğrudur? rakamın karesi, bu doğal sayının birler ve yüzler oluşuyorsa bu doğal sayıya bitişik sayı denir. Örneğin 552 ve 255 birer bitişik sayıdır. toplamı kaçtır? 13. Üzerinde iki basamaklı sayıların yazılı olduğu bir tombala kartının görünümü şekilde verilmiştir. Bu kartın 1. satırında bulunan sayıların toplamı, 2. satırında bulunan sayıların toplamına eşittir. Buna göre toplamı kaçtır? 26 Diğer sayfaya geçiniz. 2024-TYT/TEM 16. Bir veri grubundaki sayılar küçükten büyüğe doğru 18. Düz bir zemin üzerinde bulunan iki merdivenden; 4 eş sıralandığında veri sayısı tek ise ortadaki sayıya, veri basamaktan oluşan Şekil 1’deki merdivenin üçüncü sayısı çift ise ortadaki iki sayının aritmetik ortalamasına basamağında ve 5 eş basamaktan oluşan Şekil 2’deki o veri grubunun medyanı (ortanc yerden yükseklikleri birbirine eşittir. Birbirinden farklı tam sayılardan oluşan ve küçükten büyüğe doğru sıralanmış veri grubunun aritmetik ortalaması ile medyanı ardışık tam sayılardır. Buna göre toplamı kaçtır? Bu merdivenlerin her bir basamağının üst yüzleri zemine paralel, yan yüzleri ise zemine diktir. Bu iki merdivenin en üstteki basamaklarının yerden yükseklikleri toplamı 124 cm olduğuna göre kedilerden birinin yerden yüksekliği kaç cm'dir? 17. 30 gün için bir yürüyüş planı yapan Merve, ilk gün belirli bir süre yürüyüp sonraki her gün bir önceki günden 1 dakika fazla yürümeyi planlamıştır. Bu plana ilk 15 gün boyunca uyan Merve, zorlanmaya başlamış ve geriye kalan her gün yürüyüş süresini bir önceki güne göre 1 dakika azaltmıştır. Merve, 30 günün sonunda yürüyüş süresini toplam 1395 dakika olarak hesaplamıştır. Buna göre Merve’nin ilk günkü yürüyüşü kaç dakika sürmüştür? 27 Diğer sayfaya geçiniz. 2024-TYT/TEM 19. Can’ın telefonunun arama kayıtları bölümünde, telefon 20. A ve B şirketleri, kuruluşlarından itibaren aynı sektörde görüşmesi yaptığı kişiler ve o kişilerle yaptığı telefon kesintisiz olarak faaliyet göstermektedir. 2021 yılında bu görüşmesi sayıları parantez içinde gösterilmektedir. iki şirketin sektörde geçirdikleri süreler hesaplanmıştır. Can’ın dün ve bugün yaptığı telefon görüşmeleri Bu hesaba göre A şirketinin sektörde geçirdiği süre, sırasıyla Şekil 1 ve Şekil 2'de verilmiştir. B şirketinin sektörde geçirdiği sürenin 5 katıdır. Aynı hesap 2024 yılında yapıldığında; A şirketinin sektörde geçirdiği süre, B şirketinin sektörde geçirdiği sürenin 4 katı olarak hesaplanmıştır. Buna göre A şirketi hangi yıl kurulmuştur? Can, dün yaptığı toplam görüşmelerin %40’ını Erhan’la, %20’sini ise Ahmet’le yapmıştır. 21. 19 kişilik bir sınıfta öğrenciler üç sorudan oluşan bir sınava girmiştir. Bu sınavda sorulardan biri 1 puan, biri Can’ın bu iki günde Erhan’la yaptığı toplam görüşme 2 puan, diğeri ise 3 puan değerindedir. Sadece doğru sayısı, bu iki gündeki toplam görüşmelerin %24’ü cevaplanan soruların puanları toplanarak her öğrencinin olduğuna göre bugün Erhan’la yaptığı görüşme puanı hesaplanmaktadır. Sınav sonucunda öğrencilerin sayısı kaçtır? aldığı puanlarla ilgili aşağıdakiler bilinmektedir.  Alınan en düşük puan 3'tür.  6 öğrenci 3 puan, 5 öğrenci ise 6 puan almıştır.  5 puan alan öğrenci sayısı, 4 puan alan öğrenci sayısına eşittir. 1 puanlık soruyu doğru cevaplayan öğrenci sayısı 11 olduğuna göre 3 puanlık soruyu doğru cevaplayan öğrenci sayısı kaçtır? 28 Diğer sayfaya geçiniz. 2024-TYT/TEM 22. Vücut kitle indeksi (VKİ), bir kişinin vücudundaki tahmini 23. Bir kentte bulunan fabrikaların her biri gıda, mobilya, yağ oranını gösteren bir hesaplama yöntemidir. Bu plastik ve tekstil alanlarından yalnızca birinde üretim yöntemde öncelikle kişinin kilogram türünden ağırlığı ve yapmaktadır. Bu fabrikaların üretim alanlarına göre metre türünden boy uzunluğu ölçülür. Daha sonra sayıca dağılımı Şekil 1’deki daire grafiğinde kişinin ağırlığının boyunun karesine bölünmesiyle gösterilmiştir. o kişiye ait VKİ hesaplanır. Aşağıdaki tabloda, belirli yaş aralıklarına göre ideal VKİ aralıkları verilmiştir. 30 yaşındaki İlayda’nın yaşına uygun en küçük ideal VKİ Bu fabrikaların toplam 54 tanesi ihracat yapmaktadır. değerindeki ağırlığı ile en büyük ideal VKİ değerindeki Her bir üretim alanı için o alanda üretim yapan ağırlığı arasındaki fark 12,8 kilogram olarak fabrikalardan ihracat yapanların sayısının, o alanda hesaplanmıştır. üretim yapan toplam fabrika sayısına oranı yüzde olarak Şekil 2’deki sütun grafiğinde gösterilmiştir. Buna göre İlayda’nın boyu kaç metredir? kaçtır? 29 Diğer sayfaya geçiniz. 2024-TYT/TEM 24. Bir okula cam ve plastik şişelerin geri dönüşümü için iki 26. Müge’nin bilgisayarında 6 tane dosyanın yer aldığı tane geri dönüşüm kutusu konulmuştur. Bu kutulardan bir klasörün ekran görünümü aşağıdaki şekilde birine özdeş cam şişeler, diğerine ise özdeş plastik verilmiştir. şişeler boş olarak atılmıştır. Boş olan bu kutuların konulduğu ilk günün sonunda cam şişelerin olduğu kutudaki şişe sayısı, plastik şişelerin olduğu kutudaki şişe sayısının ’üne eşittir. Ayrıca ilk gün toplanan cam şişelerin toplam kütlesinin, plastik şişelerin toplam kütlesine oranı olarak hesaplanmıştır. Buna göre bir plastik şişenin kütlesi, bir cam şişenin kütlesinin kaç katıdır? Müge, bu klasördeki 6 dosyadan belirli sayıda dosyayı sildikten sonra kalan dosyaları boyutlarına göre küçükten büyüğe doğru sıralamıştır. Daha sonra bu dosyaları oluşturulma tarihine göre eski tarihten yeni tarihe doğru sıraladığında dosyaların sıralamasının değişmediğini görmüştür. Buna göre Müge bu 6 dosyadan en az kaç tanesini silmiştir? 25. Bir tenis turnuvasına katılan 20 tenisçiden her biri turnuvaya katılan diğer tenisçilerle birer kez karşılaşmıştır. Toplam 19 hakemin görevlendirildiği bu turnuvada, her bir karşılaşma için 3 hakem görevlendirilmiştir. Bu turnuvada tüm hakemler eşit sayıda karşılaşmada görev aldığına göre bir hakemin görev aldığı karşılaşma sayısı kaçtır? 30 Diğer sayfaya geçiniz. 2024-TYT/TEM 27. Dikdörtgen biçiminde olan şekildeki banyo duvarı, 28. Akın ile Gökay, 1’den 10’a kadar olan doğal sayılarla dikdörtgen biçiminde olan aynı ebatlardaki sarı ve numaralandırılmış 10 topun bulunduğu bir torbadan top mavi renkli özdeş fayanslarla, fayanslar arasında boşluk çekerek bir oyun oynamaktadır. Torbadan iki top çeken kalmayacak biçimde tamamen kaplanacaktır. Akın, çektiği topların numaraları çarpımını Gökay’a Bu kaplama işlemi; şekilde gösterildiği gibi sırasıyla söyledikten sonra aralarında şöyle bir konuşma bir sıra sarı, bir sıra mavi fayans kullanılarak geçmiştir: tamamlanacaktır. Akın : Çektiğim topların numaralarını bulabilir misin? Gökay : Verdiğin bilgi yetersiz. Birden fazla çözüm var. Akın : Çektiğim topların numaraları toplamı 11 desem? Gökay : Tamam, şimdi kesin olarak buldum. Buna göre Akın’ın çektiği topların numaraları farkı Kaplama işlemi bittiğinde sarı fayansların kapladığı aşağıdakilerden hangisi olamaz? alanın, mavi fayansların kapladığı alana oranı olarak hesaplanmıştır. Buna göre bu duvardaki fayansların toplam sayısı kaçtır? 29. Duru, sınıfındaki öğrencilerden oluşturulabilecek tüm üç kişilik grupların 45 tanesinde kendisinin yer aldığını gözlemlemiştir. Buna göre Duru’nun sınıfındaki öğrencilerden oluşturulabilecek tüm üç kişilik grupların kaç tanesinde Duru bulunmamaktadır? 31 Diğer sayfaya geçiniz. 2024-TYT/TEM 30. Aynı evde yaşayan üç arkadaştan Erman 1 adet, 32. Görkem 2 adet ve Kerem 3 adet kargo paketi beklemektedir. Bu üç arkadaş, eve gelen 6 kargo paketinin üzerindeki alıcı bilgisi kısımlarını okumadan paketleri rastgele paylaşmıştır. Bu paylaşım sonucunda herkes beklediği sayıda kargo paketi almıştır. Buna göre bu üç arkadaştan her birinin beklediği paketleri almış olma olasılığı kaçtır? Kırmızı kenar uzunlukları birbirine eşit olan eş ABC ve DEF ikizkenar üçgenleri bir düzleme şekildeki gibi yerleştirildiğinde A noktası kenarı üzerine, F noktası kenarı üzerine gelmekte ve ile kenarları paralel olmaktadır. Buna göre x açısının ölçüsü kaç derecedir? 31. Bir odanın dikdörtgen biçimindeki zemininin üstten görünümü şekilde verilmiştir. Bu odanın zeminine yerleştirilen bir lazer, 1. ışınını zemin boyunca 33. Cem; kaykayını süslemek için kaykayın direksiyon gönderiyor ve sonraki her seferde zemine paralel çubuğunun uçlarından birine, aşağı sallanan kısmının biçimde sabit bir açıyla saat yönünde dönerek sıradaki uzunluğu 46 cm olan bir ip bağlamıştır. Kaykayın uzayıp ışınını şekildeki gibi gönderiyor. kısalabilen bağlantı direğinin uzunluğu Şekil 1'deki gibi 60 cm iken ipin yere en yakın noktasının bağlantı direğinin kaykayla birleştiği noktaya uzaklığı 50 cm olmaktadır. Lazerin gönderdiği",B) –1 C) D) E),–1 C) D) E),D) E),"E) Buna göre I. Her bir kasada tek sayıda elma bulunmaktadır. II. Bu iki sınıftaki öğrenci sayılarının farkı bir tek sayıdır. III.Bu iki sınıftaki öğrenci sayılarının çarpımı bir çift sayıdır. ifadelerinden hangileri kesinlikle doğrudur? A)Yalnız I B)Yalnız III C)I ve II D)II ve III E)I, II ve III 23 Diğer sayfaya geçiniz. 2024-TYT/TEM",Buna göre,,,TYT Matematik,,Matematik
"Ali, Burcu ve Can; yayımlanacak olan okul dergisinin gibidir: sayfa sayısını sırasıyla 27, 35 ve 39 olarak tahmin etmiştir. Her bir tahmin değeri ile derginin sayfa sayısı arasındaki farkın mutlak değeri birbirinden farklı olmak üzere derginin sayfa sayısına en yakın tahminde bulunan kişi Burcu, en uzak tahminde bulunan kişi ise Can’dır. Buna göre derginin sayfa sayısının rakamları toplamı kaçtır? Elif, kitabına su damladığı için örnekteki b sayısını okuyamamıştır. Buna göre b sayısı aşağıdakilerden hangisi olamaz?",4 B) 5 C)6 D)7 E) 8,5 C)6 D)7 E) 8,D) E),,"8 Elif, kitabına su damladığı için örnekteki b sayısını okuyamamıştır. Buna göre b sayısı aşağıdakilerden hangisi olamaz? A) B) C) D) E)",,,TYT Matematik,,Matematik
"Her birinin içinde eşit sayıda elma bulunan iki kasa vardır. A ve B sınıflarındaki her öğrenci bir elma alacak biçimde, kasalardan birindeki elmalar A sınıfına dağıtıldığında bu kasada 3 elma kalmıştır. Diğer 5. Aşağıdakilerden hangisi rasyonel sayı olmayan kasadaki elmalar B sınıfına dağıtıldığında ise bu kasada bir gerçel sayıdır? yeterli sayıda elma olmadığından 2 öğrenciye elma verilememiştir. Buna göre I. Her bir kasada tek sayıda elma bulunmaktadır. II. Bu iki sınıftaki öğrenci sayılarının farkı bir tek sayıdır. III.Bu iki sınıftaki öğrenci sayılarının çarpımı bir çift sayıdır. ifadelerinden hangileri kesinlikle doğrudur? A)Yalnız I B)Yalnız III C)I ve II D)II ve III E)I, II ve III 23 Diğer sayfaya geçiniz. 2024-TYT/TEM",B) –1 C) D) E),–1 C) D) E),D) E),"E) Buna göre I. Her bir kasada tek sayıda elma bulunmaktadır. II. Bu iki sınıftaki öğrenci sayılarının farkı bir tek sayıdır. III.Bu iki sınıftaki öğrenci sayılarının çarpımı bir çift sayıdır. ifadelerinden hangileri kesinlikle doğrudur? A)Yalnız I B)Yalnız III C)I ve II D)II ve III E)I, II ve III 23 Diğer sayfaya geçiniz. 2024-TYT/TEM",Buna göre,,,TYT Matematik,,Matematik
"türünden bazı değerleri verilen, eşit bölmelere makinesi ve bir buzdolabının maliyet fiyatları sırasıyla ayrılmış aşağıdaki termometrelerden hangisi 18 bin, 22 bin ve b TL'dir. Bu ürünler, üçlü beyaz eşya sıcaklığı göstermektedir? takımı olarak birlikte satılmaktadır. Bu takım; bir buzdolabının maliyet fiyatının iki katının 30 bin TL fazlasına satıldığında mağaza kâr etmekte, bir buzdolabının maliyet fiyatının üç katından 20 bin TL eksiğine satıldığında ise mağaza zarar etmektedir. Buna göre bir buzdolabının maliyet fiyatının alabileceği tüm değerleri ifade eden eşitsizlik aşağıdakilerden hangisidir? 2024-TYT/TEM",B) C),"C) fazlasına satıldığında mağaza kâr etmekte, bir buzdolabının maliyet fiyatının üç katından 20 bin TL eksiğine satıldığında ise mağaza zarar etmektedir. Buna göre bir buzdolabının maliyet fiyatının alabileceği tüm değerleri ifade eden eşitsizlik aşağıdakilerden hangisidir? A) B) C) D) D) E) E) 24 Diğer sayfaya geçiniz. 2024-TYT/TEM","fazlasına satıldığında mağaza kâr etmekte, bir",D) E),E) 24 Diğer sayfaya geçiniz. 2024-TYT/TEM,,,TYT Matematik,,Matematik
"adımı tamamladıktan sonra kullandığı toplam mandal sayısından kaç fazladır? Sena, mayıs ayına ait tüm harcamalarının kategorilere göre dağılımlarını bankasının mobil uygulamasında şekildeki gibi görüntülemektedir. Buna göre Sena’nın kategorisindeki harcamalarının tüm harcamalarına oranı yüzde kaçtır? 22 Diğer sayfaya geçiniz. 2024-TYT/TEM 4. Elif’in, matematik kitabında okuduğu bir not aşağıdaki 6. Ali, Burcu ve Can; yayımlanacak olan okul dergisinin gibidir: sayfa sayısını sırasıyla 27, 35 ve 39 olarak tahmin etmiştir. Her bir tahmin değeri ile derginin sayfa sayısı arasındaki farkın mutlak değeri birbirinden farklı olmak üzere derginin sayfa sayısına en yakın tahminde bulunan kişi Burcu, en uzak tahminde bulunan kişi ise Can’dır. Buna göre derginin sayfa sayısının rakamları toplamı kaçtır? Elif, kitabına su damladığı için örnekteki b sayısını okuyamamıştır. Buna göre b sayısı aşağıdakilerden hangisi olamaz? 7. Her birinin içinde eşit sayıda elma bulunan iki kasa vardır. A ve B sınıflarındaki her öğrenci bir elma alacak biçimde, kasalardan birindeki elmalar A sınıfına dağıtıldığında bu kasada 3 elma kalmıştır. Diğer 5. Aşağıdakilerden hangisi rasyonel sayı olmayan kasadaki elmalar B sınıfına dağıtıldığında ise bu kasada bir gerçel sayıdır? yeterli sayıda elma olmadığından 2 öğrenciye elma verilememiştir. Buna göre I. Her bir kasada tek sayıda elma bulunmaktadır. II. Bu iki sınıftaki öğrenci sayılarının farkı bir tek sayıdır. III.Bu iki sınıftaki öğrenci sayılarının çarpımı bir çift sayıdır. ifadelerinden hangileri kesinlikle doğrudur? A)Yalnız I B)Yalnız III C)I ve II D)II ve III E)I, II ve III 23 Diğer sayfaya geçiniz. 2024-TYT/TEM 8. Bir mağazada satılan bir bulaşık makinesi, bir çamaşır 9. türünden bazı değerleri verilen, eşit bölmelere makinesi ve bir buzdolabının maliyet fiyatları sırasıyla ayrılmış aşağıdaki termometrelerden hangisi 18 bin, 22 bin ve b TL'dir. Bu ürünler, üçlü beyaz eşya sıcaklığı göstermektedir? takımı olarak birlikte satılmaktadır. Bu takım; bir buzdolabının maliyet fiyatının iki katının 30 bin TL fazlasına satıldığında mağaza kâr etmekte, bir buzdolabının maliyet fiyatının üç katından 20 bin TL eksiğine satıldığında ise mağaza zarar etmektedir. Buna göre bir buzdolabının maliyet fiyatının alabileceği tüm değerleri ifade eden eşitsizlik aşağıdakilerden hangisidir? 2024-TYT/TEM 10. A ve B iki küme olmak üzere",B) C) D) E),C) D) E),D) E),"E) Sena, mayıs ayına ait tüm harcamalarının kategorilere göre dağılımlarını bankasının mobil uygulamasında şekildeki gibi görüntülemektedir. Buna göre Sena’nın kategorisindeki harcamalarının tüm harcamalarına oranı yüzde kaçtır? A) 28 B) 26 C)24 D)22 E) 20 22 Diğer sayfaya geçiniz. 2024-TYT/TEM","Sena, mayıs ayına ait tüm harcamalarının kategorilere",,,TYT Matematik,,Matematik
"Ayşe, uçakla yapacağı bir yolculuk için aşağıdakilerden olduğu ve kendine uygun olanları seçerek biletleme işlemini tamamlamıştır.  kümesinin elemanlarından ikisinin toplamının 8 olduğu,  kümesinin elemanlarından ikisinin farkının 8 olduğu,  kümesinin elemanlarından ikisinin çarpımının 8 olduğu biliniyor. A kümesindeki elemanların toplamı B kümesindeki elemanların toplamına eşit olduğuna göre kümesindeki elemanların toplamı kaçtır? Bu bilgilerle ilgili p: Koltuk seçimi için ücret ödemiştir. q: Bagaj seçimi için ücret ödememiştir. r : Yemek seçimi için ücret ödemiştir. önermeleri veriliyor. önermesinin doğru olduğu bilindiğine göre Ayşe’nin koltuk, bagaj ve yemek seçimi sırasıyla aşağıdakilerden hangisidir? 25 Diğer sayfaya geçiniz. 2024-TYT/TEM",10 B) 17 C)18 D)23 E) 25,17 C)18 D)23 E) 25,D) E),E) 25 Diğer sayfaya geçiniz. 2024-TYT/TEM,"25 Bu bilgilerle ilgili p: Koltuk seçimi için ücret ödemiştir. q: Bagaj seçimi için ücret ödememiştir. r : Yemek seçimi için ücret ödemiştir. önermeleri veriliyor. önermesinin doğru olduğu bilindiğine göre Ayşe’nin koltuk, bagaj ve yemek seçimi sırasıyla aşağıdakilerden hangisidir? A) B) C) D) E) 25 Diğer sayfaya geçiniz. 2024-TYT/TEM",,,TYT Matematik,,Matematik
"adımı tamamladıktan sonra kullandığı toplam mandal sayısı, 10. adımı tamamladıktan sonra kullandığı toplam mandal sayısından kaç fazladır? Sena, mayıs ayına ait tüm harcamalarının kategorilere göre dağılımlarını bankasının mobil uygulamasında şekildeki gibi görüntülemektedir. Buna göre Sena’nın kategorisindeki harcamalarının tüm harcamalarına oranı yüzde kaçtır? 22 Diğer sayfaya geçiniz. 2024-TYT/TEM 4. Elif’in, matematik kitabında okuduğu bir not aşağıdaki 6. Ali, Burcu ve Can; yayımlanacak olan okul dergisinin gibidir: sayfa sayısını sırasıyla 27, 35 ve 39 olarak tahmin etmiştir. Her bir tahmin değeri ile derginin sayfa sayısı arasındaki farkın mutlak değeri birbirinden farklı olmak üzere derginin sayfa sayısına en yakın tahminde bulunan kişi Burcu, en uzak tahminde bulunan kişi ise Can’dır. Buna göre derginin sayfa sayısının rakamları toplamı kaçtır? Elif, kitabına su damladığı için örnekteki b sayısını okuyamamıştır. Buna göre b sayısı aşağıdakilerden hangisi olamaz? 7. Her birinin içinde eşit sayıda elma bulunan iki kasa vardır. A ve B sınıflarındaki her öğrenci bir elma alacak biçimde, kasalardan birindeki elmalar A sınıfına dağıtıldığında bu kasada 3 elma kalmıştır. Diğer 5. Aşağıdakilerden hangisi rasyonel sayı olmayan kasadaki elmalar B sınıfına dağıtıldığında ise bu kasada bir gerçel sayıdır? yeterli sayıda elma olmadığından 2 öğrenciye elma verilememiştir. Buna göre I. Her bir kasada tek sayıda elma bulunmaktadır. II. Bu iki sınıftaki öğrenci sayılarının farkı bir tek sayıdır. III.Bu iki sınıftaki öğrenci sayılarının çarpımı bir çift sayıdır. ifadelerinden hangileri kesinlikle doğrudur? A)Yalnız I B)Yalnız III C)I ve II D)II ve III E)I, II ve III 23 Diğer sayfaya geçiniz. 2024-TYT/TEM 8. Bir mağazada satılan bir bulaşık makinesi, bir çamaşır 9. türünden bazı değerleri verilen, eşit bölmelere makinesi ve bir buzdolabının maliyet fiyatları sırasıyla ayrılmış aşağıdaki termometrelerden hangisi 18 bin, 22 bin ve b TL'dir. Bu ürünler, üçlü beyaz eşya sıcaklığı göstermektedir? takımı olarak birlikte satılmaktadır. Bu takım; bir buzdolabının maliyet fiyatının iki katının 30 bin TL fazlasına satıldığında mağaza kâr etmekte, bir buzdolabının maliyet fiyatının üç katından 20 bin TL eksiğine satıldığında ise mağaza zarar etmektedir. Buna göre bir buzdolabının maliyet fiyatının alabileceği tüm değerleri ifade eden eşitsizlik aşağıdakilerden hangisidir? 2024-TYT/TEM 10. A ve B iki küme olmak üzere 11. Ayşe, uçakla yapacağı bir yolculuk için aşağıdakilerden olduğu ve kendine uygun olanları seçerek biletleme işlemini tamamlamıştır.  kümesinin elemanlarından ikisinin toplamının 8 olduğu,  kümesinin elemanlarından ikisinin farkının 8 olduğu,  kümesinin elemanlarından ikisinin çarpımının 8 olduğu biliniyor. A kümesindeki elemanların toplamı B kümesindeki elemanların toplamına eşit olduğuna göre kümesindeki elemanların toplamı kaçtır? Bu bilgilerle ilgili p: Koltuk seçimi için ücret ödemiştir. q: Bagaj seçimi için ücret ödememiştir. r : Yemek seçimi için ücret ödemiştir. önermeleri veriliyor. önermesinin doğru olduğu bilindiğine göre Ayşe’nin koltuk, bagaj ve yemek seçimi sırasıyla aşağıdakilerden hangisidir? 25 Diğer sayfaya geçiniz. 2024-TYT/TEM 12. Dik koordinat düzleminde f, g ve h fonksiyonlarının 14. A, B ve C birbirinden farklı rakamlar olmak üzere grafikleri şekilde verilmiştir. A rakamı B rakamının, B rakamı ise C rakamının birer tam sayı katıdır. ABC üç basamaklı doğal sayısı 3 ile tam bölünebildiğine göre bu sayının rakamları çarpımı kaçtır? f, g ve h fonksiyonları için eşitsizlikleri sağlandığına göre aşağıdaki 15. Üç basamaklı bir doğal sayının onlar basamağındaki sıralamalardan hangisi doğrudur? rakamın karesi, bu doğal sayının birler ve yüzler oluşuyorsa bu doğal sayıya bitişik sayı denir. Örneğin 552 ve 255 birer bitişik sayıdır. toplamı kaçtır?",B) C) D) E),C) D) E),D) E),"E) Sena, mayıs ayına ait tüm harcamalarının kategorilere göre dağılımlarını bankasının mobil uygulamasında şekildeki gibi görüntülemektedir. Buna göre Sena’nın kategorisindeki harcamalarının tüm harcamalarına oranı yüzde kaçtır? A) 28 B) 26 C)24 D)22 E) 20 22 Diğer sayfaya geçiniz. 2024-TYT/TEM","Sena, mayıs ayına ait tüm harcamalarının kategorilere",,,TYT Matematik,,Matematik
"Üzerinde iki basamaklı sayıların yazılı olduğu bir tombala kartının görünümü şekilde verilmiştir. Bu kartın 1. satırında bulunan sayıların toplamı, 2. satırında bulunan sayıların toplamına eşittir. Buna göre toplamı kaçtır? 26 Diğer sayfaya geçiniz. 2024-TYT/TEM",99 B) 110 C)121 D)132 E) 143,110,,,143,,,TYT Matematik,,Matematik
"A, B ve C birbirinden farklı rakamlar olmak üzere grafikleri şekilde verilmiştir. A rakamı B rakamının, B rakamı ise C rakamının birer tam sayı katıdır. ABC üç basamaklı doğal sayısı 3 ile tam bölünebildiğine göre bu sayının rakamları çarpımı kaçtır? f, g ve h fonksiyonları için eşitsizlikleri sağlandığına göre aşağıdaki",8 B) 12 C)18 D)27 E) 32,12 C)18 D)27 E) 32,,,"32 f, g ve h fonksiyonları için eşitsizlikleri sağlandığına göre aşağıdaki",,,TYT Matematik,,Matematik
"Üç basamaklı bir doğal sayının onlar basamağındaki sıralamalardan hangisi doğrudur? rakamın karesi, bu doğal sayının birler ve yüzler oluşuyorsa bu doğal sayıya bitişik sayı denir. Örneğin 552 ve 255 birer bitişik sayıdır. toplamı kaçtır? 13. Üzerinde iki basamaklı sayıların yazılı olduğu bir tombala kartının görünümü şekilde verilmiştir. Bu kartın 1. satırında bulunan sayıların toplamı, 2. satırında bulunan sayıların toplamına eşittir. Buna göre toplamı kaçtır? 26 Diğer sayfaya geçiniz. 2024-TYT/TEM",B) basamağındaki rakamların yan yana yazılmasıyla,basamağındaki rakamların yan yana yazılmasıyla,D) Örneğin 552 ve 255 birer bitişik sayıdır. E) AB1 ve BC4 sayıları birer bitişik sayı olduğuna göre toplamı kaçtır? A) 21 B) 22 C)23 D)24 E) 25,Örneğin 552 ve 255 birer bitişik sayıdır.,AB1 ve BC4 sayıları birer bitişik sayı olduğuna göre,,,TYT Matematik,,Matematik
"Bir veri grubundaki sayılar küçükten büyüğe doğru 18. Düz bir zemin üzerinde bulunan iki merdivenden; 4 eş sıralandığında veri sayısı tek ise ortadaki sayıya, veri basamaktan oluşan Şekil 1’deki merdivenin üçüncü sayısı çift ise ortadaki iki sayının aritmetik ortalamasına basamağında ve 5 eş basamaktan oluşan Şekil 2’deki o veri grubunun medyanı (ortanc yerden yükseklikleri birbirine eşittir. Birbirinden farklı tam sayılardan oluşan ve küçükten büyüğe doğru sıralanmış veri grubunun aritmetik ortalaması ile medyanı ardışık tam sayılardır. Buna göre toplamı kaçtır? Bu merdivenlerin her bir basamağının üst yüzleri zemine paralel, yan yüzleri ise zemine diktir. Bu iki merdivenin en üstteki basamaklarının yerden yükseklikleri toplamı 124 cm olduğuna göre kedilerden birinin yerden yüksekliği kaç cm'dir?",denir. merdivenin dördüncü basamağında bulunan kedilerin,36 C)42 D)48 E) 54,,,"54 Bu merdivenlerin her bir basamağının üst yüzleri zemine paralel, yan yüzleri ise zemine diktir. Bu iki merdivenin en üstteki basamaklarının yerden yükseklikleri toplamı 124 cm olduğuna göre kedilerden birinin yerden yüksekliği kaç cm'dir?",,,TYT Matematik,,Matematik
"30 gün için bir yürüyüş planı yapan Merve, ilk gün belirli bir süre yürüyüp sonraki her gün bir önceki günden 1 dakika fazla yürümeyi planlamıştır. Bu plana ilk 15 gün boyunca uyan Merve, zorlanmaya başlamış ve geriye kalan her gün yürüyüş süresini bir önceki güne göre 1 dakika azaltmıştır. Merve, 30 günün sonunda yürüyüş süresini toplam 1395 dakika olarak hesaplamıştır. Buna göre Merve’nin ilk günkü yürüyüşü kaç dakika sürmüştür? 27 Diğer sayfaya geçiniz. 2024-TYT/TEM",40 B) 44 C)48 D)52 E) 56,44 C)48 D)52 E) 56,,,"56 bir süre yürüyüp sonraki her gün bir önceki günden 1 dakika fazla yürümeyi planlamıştır. Bu plana ilk 15 gün boyunca uyan Merve, zorlanmaya başlamış ve geriye kalan her gün yürüyüş süresini bir önceki güne göre 1 dakika azaltmıştır. Merve, 30 günün sonunda yürüyüş süresini toplam 1395 dakika olarak hesaplamıştır. Buna göre Merve’nin ilk günkü yürüyüşü kaç dakika sürmüştür? A) 30 B) 35 C)40 D)45 E) 50 27 Diğer sayfaya geçiniz. 2024-TYT/TEM",,,TYT Matematik,,Matematik
"Düz bir zemin üzerinde bulunan iki merdivenden; 4 eş sıralandığında veri sayısı tek ise ortadaki sayıya, veri basamaktan oluşan Şekil 1’deki merdivenin üçüncü sayısı çift ise ortadaki iki sayının aritmetik ortalamasına basamağında ve 5 eş basamaktan oluşan Şekil 2’deki o veri grubunun medyanı (ortanc yerden yükseklikleri birbirine eşittir. Birbirinden farklı tam sayılardan oluşan ve küçükten büyüğe doğru sıralanmış veri grubunun aritmetik ortalaması ile medyanı ardışık tam sayılardır. Buna göre toplamı kaçtır? Bu merdivenlerin her bir basamağının üst yüzleri zemine paralel, yan yüzleri ise zemine diktir. Bu iki merdivenin en üstteki basamaklarının yerden yükseklikleri toplamı 124 cm olduğuna göre kedilerden birinin yerden yüksekliği kaç cm'dir? 17. 30 gün için bir yürüyüş planı yapan Merve, ilk gün belirli bir süre yürüyüp sonraki her gün bir önceki günden 1 dakika fazla yürümeyi planlamıştır. Bu plana ilk 15 gün boyunca uyan Merve, zorlanmaya başlamış ve geriye kalan her gün yürüyüş süresini bir önceki güne göre 1 dakika azaltmıştır. Merve, 30 günün sonunda yürüyüş süresini toplam 1395 dakika olarak hesaplamıştır. Buna göre Merve’nin ilk günkü yürüyüşü kaç dakika sürmüştür? 27 Diğer sayfaya geçiniz. 2024-TYT/TEM",denir. merdivenin dördüncü basamağında bulunan kedilerin,36 C)42 D)48 E) 54,,,"54 Bu merdivenlerin her bir basamağının üst yüzleri zemine paralel, yan yüzleri ise zemine diktir. Bu iki merdivenin en üstteki basamaklarının yerden yükseklikleri toplamı 124 cm olduğuna göre kedilerden birinin yerden yüksekliği kaç cm'dir?",,,TYT Matematik,,Matematik
"A ve B şirketleri, kuruluşlarından itibaren aynı sektörde görüşmesi yaptığı kişiler ve o kişilerle yaptığı telefon kesintisiz olarak faaliyet göstermektedir. 2021 yılında bu görüşmesi sayıları parantez içinde gösterilmektedir. iki şirketin sektörde geçirdikleri süreler hesaplanmıştır. Can’ın dün ve bugün yaptığı telefon görüşmeleri Bu hesaba göre A şirketinin sektörde geçirdiği süre, sırasıyla Şekil 1 ve Şekil 2'de verilmiştir. B şirketinin sektörde geçirdiği sürenin 5 katıdır. Aynı hesap 2024 yılında yapıldığında; A şirketinin sektörde geçirdiği süre, B şirketinin sektörde geçirdiği sürenin 4 katı olarak hesaplanmıştır. Buna göre A şirketi hangi yıl kurulmuştur? Can, dün yaptığı toplam görüşmelerin %40’ını Erhan’la, %20’sini ise Ahmet’le yapmıştır.",1964,1968,,,1980,,,TYT Matematik,,Matematik
"19 kişilik bir sınıfta öğrenciler üç sorudan oluşan bir sınava girmiştir. Bu sınavda sorulardan biri 1 puan, biri Can’ın bu iki günde Erhan’la yaptığı toplam görüşme 2 puan, diğeri ise 3 puan değerindedir. Sadece doğru sayısı, bu iki gündeki toplam görüşmelerin %24’ü cevaplanan soruların puanları toplanarak her öğrencinin olduğuna göre bugün Erhan’la yaptığı görüşme puanı hesaplanmaktadır. Sınav sonucunda öğrencilerin sayısı kaçtır? aldığı puanlarla ilgili aşağıdakiler bilinmektedir.  Alınan en düşük puan 3'tür.  6 öğrenci 3 puan, 5 öğrenci ise 6 puan almıştır.  5 puan alan öğrenci sayısı, 4 puan alan öğrenci sayısına eşittir. 1 puanlık soruyu doğru cevaplayan öğrenci sayısı 11 olduğuna göre 3 puanlık soruyu doğru cevaplayan öğrenci sayısı kaçtır? 28 Diğer sayfaya geçiniz. 2024-TYT/TEM",1 B) 2 C)3 D)4 E) 5,2 C)3 D)4 E) 5,,,"5  Alınan en düşük puan 3'tür.  6 öğrenci 3 puan, 5 öğrenci ise 6 puan almıştır.  5 puan alan öğrenci sayısı, 4 puan alan öğrenci sayısına eşittir. 1 puanlık soruyu doğru cevaplayan öğrenci sayısı 11 olduğuna göre 3 puanlık soruyu doğru cevaplayan öğrenci sayısı kaçtır? A) 13 B) 14 C)15 D)16 E) 17 28 Diğer sayfaya geçiniz. 2024-TYT/TEM",,,TYT Matematik,,Matematik
"Doğa filozofları; görünüş ve gerçeklik arasında bir ayrım 25. Dilthey; tarihi yeni bir bakış açısıyla yorumlayarak yaparak görünüşün arkasındaki gerçekliğe, çokluğun insanın, sürekli değişen ve dinamik bir tarih olduğunu ardındaki birliğe ulaşmaya çalıştı. Onlar, tüm varlıkların öne sürer. Ona göre insanla ilgili her şey bir zaman arkasındaki bu birliğe “arkhe” adını vererek onun ne parçası içinde gerçekleşir ve bu değişken doğasıyla olduğunu sorguladı. Thales suyu, Anaximenes havayı, insan, kendi göreceliği ve tarihselliği içinde, yön Empedokles ise toprak, su, hava ve ateşten oluşan dört değiştiren bir rüzgârgülüne benzer. Nitekim insan, ana maddeyi evrenin arkhesi olarak belirledi. Platon ise yaşarken içinde bulunduğu zamanı kendisi kurar ve düşüncesinin merkezine doğaya ait unsurlar yerine anılar yoluyla şimdiki zamanını belirleyen geçmişi de “idealar” adı verilen ve asıl varlıklar olarak gördüğü hep yanında taşır. kavramsal nesneleri yerleştirerek felsefe tarihinde yeni Dilthey’ın bu parçadaki görüşlerinden aşağıdakilerin bir dönemi başlattı. hangisine ulaşılamaz? Buna göre Platon’u doğa filozoflarından ayıran özelliği aşağıdakilerden hangisidir? ilerler. C)Dünyayı duyu dünyasına ait olmayan unsurlarla C)Geçmiş, insanın şimdiki zamanının şekillenmesinde açıklaması etkilidir. D)Doğanın insan zihninin bir ürünü olduğunu düşünmesi D)Tarih, insanın hem var ettiği hem de ondan etkilendiği bir süreçtir. tarihseldir.","Tarih, toplumdan ve kültürden bağımsız bir şekilde","İnsan, sürekli olan değişim süreciyle kendisini",,,Ayrımları reddederek zıtlıkları uzlaştırmaya çalışması,,,TYT Matematik,,Matematik
"Eukleides’in Elementler adlı eserinde kullandığı geometrik yöntemin metafizik, epistemoloji ve ahlak alanındaki kendi görüşlerini temellendirmek için de uygun olduğunu düşünen Spinoza; Etika adlı eserini geometrik yöntemle kaleme aldı. Bu doğrultuda kitabının her bölümüne tanımlarla, önermelerle ve bu önermelerin ön dayanağı sayılan ve kendiliğinden apaçık olan aksiyomlarla başladı. Spinoza’nın bu yöntemi kullanarak amaçladığı şey ise insanın mutluluğa ulaşma sürecini doğru bir düşünüş ve akıl yürütmelerle âdeta bir cetvelle çiziyormuş gibi düzgün bir şekilde çizmekti. Spinoza’nın görüşlerinin yer aldığı bu parçada aşağıdakilerin hangisi vurgulanmaktadır? zorlaştırır. C)Mutluluğa ulaştıran bilginin kesinliği yöntemle ilişkilidir. D)Mantıksal bilgi doğa yasalarını anlamaya ve açıklamaya yarar. ulaştırır. SOSYAL BİLİMLER TESTİ BİTTİ. 21 TEMEL MATEMATİK TESTİNE GEÇİNİZ. 2024-TYT/TEM TEMEL MATEMATİK TESTİ 1. Bu testte 40 soru vardır. 2. Cevaplarınızı, cevap kâğıdının Temel Matematik Testi için ayrılan kısmına işaretleyiniz. 1. 3. Selma, sarı ve mavi renklerden oluşan özdeş rasyonel sayıları kullanılarak mandallarla tasarladığı bir oyuncağın 1. adımında yere aynı grupta bulunan sayıların toplamı 1'e eşit olacak bir mandal koyuyor. Sonraki her adımda bir önceki adımda koyduğu tüm mandalların mavi kısımlarına şekilde, ikişer elemanlı iki grup oluşturuluyor. şekildeki gibi birer mandal takıp bir sonraki adıma Buna göre bu sayılardan hangisi oluşturulan geçiyor. Selma, bu oyuncağın ilk 3 adımını 7 mandal gruplarda yer almaz? kullanarak aşağıdaki gibi tamamlıyor. 2. Buna göre Selma’nın 12. adımı tamamladıktan sonra kullandığı toplam mandal sayısı, 10. adımı tamamladıktan sonra kullandığı toplam mandal sayısından kaç fazladır? Sena, mayıs ayına ait tüm harcamalarının kategorilere göre dağılımlarını bankasının mobil uygulamasında şekildeki gibi görüntülemektedir. Buna göre Sena’nın kategorisindeki harcamalarının tüm harcamalarına oranı yüzde kaçtır? 22 Diğer sayfaya geçiniz. 2024-TYT/TEM 4. Elif’in, matematik kitabında okuduğu bir not aşağıdaki 6. Ali, Burcu ve Can; yayımlanacak olan okul dergisinin gibidir: sayfa sayısını sırasıyla 27, 35 ve 39 olarak tahmin etmiştir. Her bir tahmin değeri ile derginin sayfa sayısı arasındaki farkın mutlak değeri birbirinden farklı olmak üzere derginin sayfa sayısına en yakın tahminde bulunan kişi Burcu, en uzak tahminde bulunan kişi ise Can’dır. Buna göre derginin sayfa sayısının rakamları toplamı kaçtır? Elif, kitabına su damladığı için örnekteki b sayısını okuyamamıştır. Buna göre b sayısı aşağıdakilerden hangisi olamaz? 7. Her birinin içinde eşit sayıda elma bulunan iki kasa vardır. A ve B sınıflarındaki her öğrenci bir elma alacak biçimde, kasalardan birindeki elmalar A sınıfına dağıtıldığında bu kasada 3 elma kalmıştır. Diğer 5. Aşağıdakilerden hangisi rasyonel sayı olmayan kasadaki elmalar B sınıfına dağıtıldığında ise bu kasada bir gerçel sayıdır? yeterli sayıda elma olmadığından 2 öğrenciye elma verilememiştir. Buna göre I. Her bir kasada tek sayıda elma bulunmaktadır. II. Bu iki sınıftaki öğrenci sayılarının farkı bir tek sayıdır. III.Bu iki sınıftaki öğrenci sayılarının çarpımı bir çift sayıdır. ifadelerinden hangileri kesinlikle doğrudur? A)Yalnız I B)Yalnız III C)I ve II D)II ve III E)I, II ve III 23 Diğer sayfaya geçiniz. 2024-TYT/TEM 8. Bir mağazada satılan bir bulaşık makinesi, bir çamaşır 9. türünden bazı değerleri verilen, eşit bölmelere makinesi ve bir buzdolabının maliyet fiyatları sırasıyla ayrılmış aşağıdaki termometrelerden hangisi 18 bin, 22 bin ve b TL'dir. Bu ürünler, üçlü beyaz eşya sıcaklığı göstermektedir? takımı olarak birlikte satılmaktadır. Bu takım; bir buzdolabının maliyet fiyatının iki katının 30 bin TL fazlasına satıldığında mağaza kâr etmekte, bir buzdolabının maliyet fiyatının üç katından 20 bin TL eksiğine satıldığında ise mağaza zarar etmektedir. Buna göre bir buzdolabının maliyet fiyatının alabileceği tüm değerleri ifade eden eşitsizlik aşağıdakilerden hangisidir? 2024-TYT/TEM 10. A ve B iki küme olmak üzere 11. Ayşe, uçakla yapacağı bir yolculuk için aşağıdakilerden olduğu ve kendine uygun olanları seçerek biletleme işlemini tamamlamıştır.  kümesinin elemanlarından ikisinin toplamının 8 olduğu,  kümesinin elemanlarından ikisinin farkının 8 olduğu,  kümesinin elemanlarından ikisinin çarpımının 8 olduğu biliniyor. A kümesindeki elemanların toplamı B kümesindeki elemanların toplamına eşit olduğuna göre kümesindeki elemanların toplamı kaçtır? Bu bilgilerle ilgili p: Koltuk seçimi için ücret ödemiştir. q: Bagaj seçimi için ücret ödememiştir. r : Yemek seçimi için ücret ödemiştir. önermeleri veriliyor. önermesinin doğru olduğu bilindiğine göre Ayşe’nin koltuk, bagaj ve yemek seçimi sırasıyla aşağıdakilerden hangisidir? 25 Diğer sayfaya geçiniz. 2024-TYT/TEM 12. Dik koordinat düzleminde f, g ve h fonksiyonlarının 14. A, B ve C birbirinden farklı rakamlar olmak üzere grafikleri şekilde verilmiştir. A rakamı B rakamının, B rakamı ise C rakamının birer tam sayı katıdır. ABC üç basamaklı doğal sayısı 3 ile tam bölünebildiğine göre bu sayının rakamları çarpımı kaçtır? f, g ve h fonksiyonları için eşitsizlikleri sağlandığına göre aşağıdaki 15. Üç basamaklı bir doğal sayının onlar basamağındaki sıralamalardan hangisi doğrudur? rakamın karesi, bu doğal sayının birler ve yüzler oluşuyorsa bu doğal sayıya bitişik sayı denir. Örneğin 552 ve 255 birer bitişik sayıdır. toplamı kaçtır? 13. Üzerinde iki basamaklı sayıların yazılı olduğu bir tombala kartının görünümü şekilde verilmiştir. Bu kartın 1. satırında bulunan sayıların toplamı, 2. satırında bulunan sayıların toplamına eşittir. Buna göre toplamı kaçtır? 26 Diğer sayfaya geçiniz. 2024-TYT/TEM 16. Bir veri grubundaki sayılar küçükten büyüğe doğru 18. Düz bir zemin üzerinde bulunan iki merdivenden; 4 eş sıralandığında veri sayısı tek ise ortadaki sayıya, veri basamaktan oluşan Şekil 1’deki merdivenin üçüncü sayısı çift ise ortadaki iki sayının aritmetik ortalamasına basamağında ve 5 eş basamaktan oluşan Şekil 2’deki o veri grubunun medyanı (ortanc yerden yükseklikleri birbirine eşittir. Birbirinden farklı tam sayılardan oluşan ve küçükten büyüğe doğru sıralanmış veri grubunun aritmetik ortalaması ile medyanı ardışık tam sayılardır. Buna göre toplamı kaçtır? Bu merdivenlerin her bir basamağının üst yüzleri zemine paralel, yan yüzleri ise zemine diktir. Bu iki merdivenin en üstteki basamaklarının yerden yükseklikleri toplamı 124 cm olduğuna göre kedilerden birinin yerden yüksekliği kaç cm'dir? 17. 30 gün için bir yürüyüş planı yapan Merve, ilk gün belirli bir süre yürüyüp sonraki her gün bir önceki günden 1 dakika fazla yürümeyi planlamıştır. Bu plana ilk 15 gün boyunca uyan Merve, zorlanmaya başlamış ve geriye kalan her gün yürüyüş süresini bir önceki güne göre 1 dakika azaltmıştır. Merve, 30 günün sonunda yürüyüş süresini toplam 1395 dakika olarak hesaplamıştır. Buna göre Merve’nin ilk günkü yürüyüşü kaç dakika sürmüştür? 27 Diğer sayfaya geçiniz. 2024-TYT/TEM 19. Can’ın telefonunun arama kayıtları bölümünde, telefon 20. A ve B şirketleri, kuruluşlarından itibaren aynı sektörde görüşmesi yaptığı kişiler ve o kişilerle yaptığı telefon kesintisiz olarak faaliyet göstermektedir. 2021 yılında bu görüşmesi sayıları parantez içinde gösterilmektedir. iki şirketin sektörde geçirdikleri süreler hesaplanmıştır. Can’ın dün ve bugün yaptığı telefon görüşmeleri Bu hesaba göre A şirketinin sektörde geçirdiği süre, sırasıyla Şekil 1 ve Şekil 2'de verilmiştir. B şirketinin sektörde geçirdiği sürenin 5 katıdır. Aynı hesap 2024 yılında yapıldığında; A şirketinin sektörde geçirdiği süre, B şirketinin sektörde geçirdiği sürenin 4 katı olarak hesaplanmıştır. Buna göre A şirketi hangi yıl kurulmuştur? Can, dün yaptığı toplam görüşmelerin %40’ını Erhan’la, %20’sini ise Ahmet’le yapmıştır. 21. 19 kişilik bir sınıfta öğrenciler üç sorudan oluşan bir sınava girmiştir. Bu sınavda sorulardan biri 1 puan, biri Can’ın bu iki günde Erhan’la yaptığı toplam görüşme 2 puan, diğeri ise 3 puan değerindedir. Sadece doğru sayısı, bu iki gündeki toplam görüşmelerin %24’ü cevaplanan soruların puanları toplanarak her öğrencinin olduğuna göre bugün Erhan’la yaptığı görüşme puanı hesaplanmaktadır. Sınav sonucunda öğrencilerin sayısı kaçtır? aldığı puanlarla ilgili aşağıdakiler bilinmektedir.  Alınan en düşük puan 3'tür.  6 öğrenci 3 puan, 5 öğrenci ise 6 puan almıştır.  5 puan alan öğrenci sayısı, 4 puan alan öğrenci sayısına eşittir. 1 puanlık soruyu doğru cevaplayan öğrenci sayısı 11 olduğuna göre 3 puanlık soruyu doğru cevaplayan öğrenci sayısı kaçtır? 28 Diğer sayfaya geçiniz. 2024-TYT/TEM 22. Vücut kitle indeksi (VKİ), bir kişinin vücudundaki tahmini 23. Bir kentte bulunan fabrikaların her biri gıda, mobilya, yağ oranını gösteren bir hesaplama yöntemidir. Bu plastik ve tekstil alanlarından yalnızca birinde üretim yöntemde öncelikle kişinin kilogram türünden ağırlığı ve yapmaktadır. Bu fabrikaların üretim alanlarına göre metre türünden boy uzunluğu ölçülür. Daha sonra sayıca dağılımı Şekil 1’deki daire grafiğinde kişinin ağırlığının boyunun karesine bölünmesiyle gösterilmiştir. o kişiye ait VKİ hesaplanır. Aşağıdaki tabloda, belirli yaş aralıklarına göre ideal VKİ aralıkları verilmiştir. 30 yaşındaki İlayda’nın yaşına uygun en küçük ideal VKİ Bu fabrikaların toplam 54 tanesi ihracat yapmaktadır. değerindeki ağırlığı ile en büyük ideal VKİ değerindeki Her bir üretim alanı için o alanda üretim yapan ağırlığı arasındaki fark 12,8 kilogram olarak fabrikalardan ihracat yapanların sayısının, o alanda hesaplanmıştır. üretim yapan toplam fabrika sayısına oranı yüzde olarak Şekil 2’deki sütun grafiğinde gösterilmiştir. Buna göre İlayda’nın boyu kaç metredir? kaçtır? 29 Diğer sayfaya geçiniz. 2024-TYT/TEM 24. Bir okula cam ve plastik şişelerin geri dönüşümü için iki 26. Müge’nin bilgisayarında 6 tane dosyanın yer aldığı tane geri dönüşüm kutusu konulmuştur. Bu kutulardan bir klasörün ekran görünümü aşağıdaki şekilde birine özdeş cam şişeler, diğerine ise özdeş plastik verilmiştir. şişeler boş olarak atılmıştır. Boş olan bu kutuların konulduğu ilk günün sonunda cam şişelerin olduğu kutudaki şişe sayısı, plastik şişelerin olduğu kutudaki şişe sayısının ’üne eşittir. Ayrıca ilk gün toplanan cam şişelerin toplam kütlesinin, plastik şişelerin toplam kütlesine oranı olarak hesaplanmıştır. Buna göre bir plastik şişenin kütlesi, bir cam şişenin kütlesinin kaç katıdır? Müge, bu klasördeki 6 dosyadan belirli sayıda dosyayı sildikten sonra kalan dosyaları boyutlarına göre küçükten büyüğe doğru sıralamıştır. Daha sonra bu dosyaları oluşturulma tarihine göre eski tarihten yeni tarihe doğru sıraladığında dosyaların sıralamasının değişmediğini görmüştür. Buna göre Müge bu 6 dosyadan en az kaç tanesini silmiştir?",Yöntemin çok aşamalı oluşu bilgiye ulaşmayı,Gerçek bilgiye ulaşmanın birden fazla yöntemi vardır.,D) E),"E) 2. Buna göre Selma’nın 12. adımı tamamladıktan sonra kullandığı toplam mandal sayısı, 10. adımı tamamladıktan sonra kullandığı toplam mandal sayısından kaç fazladır? A)",Geleneksel yöntemler bilgimizi kesinlik düzeyine,,,TYT Matematik,,Matematik
"Dilthey; tarihi yeni bir bakış açısıyla yorumlayarak yaparak görünüşün arkasındaki gerçekliğe, çokluğun insanın, sürekli değişen ve dinamik bir tarih olduğunu ardındaki birliğe ulaşmaya çalıştı. Onlar, tüm varlıkların öne sürer. Ona göre insanla ilgili her şey bir zaman arkasındaki bu birliğe “arkhe” adını vererek onun ne parçası içinde gerçekleşir ve bu değişken doğasıyla olduğunu sorguladı. Thales suyu, Anaximenes havayı, insan, kendi göreceliği ve tarihselliği içinde, yön Empedokles ise toprak, su, hava ve ateşten oluşan dört değiştiren bir rüzgârgülüne benzer. Nitekim insan, ana maddeyi evrenin arkhesi olarak belirledi. Platon ise yaşarken içinde bulunduğu zamanı kendisi kurar ve düşüncesinin merkezine doğaya ait unsurlar yerine anılar yoluyla şimdiki zamanını belirleyen geçmişi de “idealar” adı verilen ve asıl varlıklar olarak gördüğü hep yanında taşır. kavramsal nesneleri yerleştirerek felsefe tarihinde yeni Dilthey’ın bu parçadaki görüşlerinden aşağıdakilerin bir dönemi başlattı. hangisine ulaşılamaz? Buna göre Platon’u doğa filozoflarından ayıran özelliği aşağıdakilerden hangisidir? ilerler. C)Dünyayı duyu dünyasına ait olmayan unsurlarla C)Geçmiş, insanın şimdiki zamanının şekillenmesinde açıklaması etkilidir. D)Doğanın insan zihninin bir ürünü olduğunu düşünmesi D)Tarih, insanın hem var ettiği hem de ondan etkilendiği bir süreçtir. tarihseldir. 24. Eukleides’in Elementler adlı eserinde kullandığı geometrik yöntemin metafizik, epistemoloji ve ahlak alanındaki kendi görüşlerini temellendirmek için de uygun olduğunu düşünen Spinoza; Etika adlı eserini geometrik yöntemle kaleme aldı. Bu doğrultuda kitabının her bölümüne tanımlarla, önermelerle ve bu önermelerin ön dayanağı sayılan ve kendiliğinden apaçık olan aksiyomlarla başladı. Spinoza’nın bu yöntemi kullanarak amaçladığı şey ise insanın mutluluğa ulaşma sürecini doğru bir düşünüş ve akıl yürütmelerle âdeta bir cetvelle çiziyormuş gibi düzgün bir şekilde çizmekti. Spinoza’nın görüşlerinin yer aldığı bu parçada aşağıdakilerin hangisi vurgulanmaktadır? zorlaştırır. C)Mutluluğa ulaştıran bilginin kesinliği yöntemle ilişkilidir. D)Mantıksal bilgi doğa yasalarını anlamaya ve açıklamaya yarar. ulaştırır. SOSYAL BİLİMLER TESTİ BİTTİ. 21 TEMEL MATEMATİK TESTİNE GEÇİNİZ. 2024-TYT/TEM TEMEL MATEMATİK TESTİ 1. Bu testte 40 soru vardır. 2. Cevaplarınızı, cevap kâğıdının Temel Matematik Testi için ayrılan kısmına işaretleyiniz. 1. 3. Selma, sarı ve mavi renklerden oluşan özdeş rasyonel sayıları kullanılarak mandallarla tasarladığı bir oyuncağın 1. adımında yere aynı grupta bulunan sayıların toplamı 1'e eşit olacak bir mandal koyuyor. Sonraki her adımda bir önceki adımda koyduğu tüm mandalların mavi kısımlarına şekilde, ikişer elemanlı iki grup oluşturuluyor. şekildeki gibi birer mandal takıp bir sonraki adıma Buna göre bu sayılardan hangisi oluşturulan geçiyor. Selma, bu oyuncağın ilk 3 adımını 7 mandal gruplarda yer almaz? kullanarak aşağıdaki gibi tamamlıyor. 2. Buna göre Selma’nın 12. adımı tamamladıktan sonra kullandığı toplam mandal sayısı, 10. adımı tamamladıktan sonra kullandığı toplam mandal sayısından kaç fazladır? Sena, mayıs ayına ait tüm harcamalarının kategorilere göre dağılımlarını bankasının mobil uygulamasında şekildeki gibi görüntülemektedir. Buna göre Sena’nın kategorisindeki harcamalarının tüm harcamalarına oranı yüzde kaçtır? 22 Diğer sayfaya geçiniz. 2024-TYT/TEM 4. Elif’in, matematik kitabında okuduğu bir not aşağıdaki 6. Ali, Burcu ve Can; yayımlanacak olan okul dergisinin gibidir: sayfa sayısını sırasıyla 27, 35 ve 39 olarak tahmin etmiştir. Her bir tahmin değeri ile derginin sayfa sayısı arasındaki farkın mutlak değeri birbirinden farklı olmak üzere derginin sayfa sayısına en yakın tahminde bulunan kişi Burcu, en uzak tahminde bulunan kişi ise Can’dır. Buna göre derginin sayfa sayısının rakamları toplamı kaçtır? Elif, kitabına su damladığı için örnekteki b sayısını okuyamamıştır. Buna göre b sayısı aşağıdakilerden hangisi olamaz? 7. Her birinin içinde eşit sayıda elma bulunan iki kasa vardır. A ve B sınıflarındaki her öğrenci bir elma alacak biçimde, kasalardan birindeki elmalar A sınıfına dağıtıldığında bu kasada 3 elma kalmıştır. Diğer 5. Aşağıdakilerden hangisi rasyonel sayı olmayan kasadaki elmalar B sınıfına dağıtıldığında ise bu kasada bir gerçel sayıdır? yeterli sayıda elma olmadığından 2 öğrenciye elma verilememiştir. Buna göre I. Her bir kasada tek sayıda elma bulunmaktadır. II. Bu iki sınıftaki öğrenci sayılarının farkı bir tek sayıdır. III.Bu iki sınıftaki öğrenci sayılarının çarpımı bir çift sayıdır. ifadelerinden hangileri kesinlikle doğrudur? A)Yalnız I B)Yalnız III C)I ve II D)II ve III E)I, II ve III 23 Diğer sayfaya geçiniz. 2024-TYT/TEM 8. Bir mağazada satılan bir bulaşık makinesi, bir çamaşır 9. türünden bazı değerleri verilen, eşit bölmelere makinesi ve bir buzdolabının maliyet fiyatları sırasıyla ayrılmış aşağıdaki termometrelerden hangisi 18 bin, 22 bin ve b TL'dir. Bu ürünler, üçlü beyaz eşya sıcaklığı göstermektedir? takımı olarak birlikte satılmaktadır. Bu takım; bir buzdolabının maliyet fiyatının iki katının 30 bin TL fazlasına satıldığında mağaza kâr etmekte, bir buzdolabının maliyet fiyatının üç katından 20 bin TL eksiğine satıldığında ise mağaza zarar etmektedir. Buna göre bir buzdolabının maliyet fiyatının alabileceği tüm değerleri ifade eden eşitsizlik aşağıdakilerden hangisidir? 2024-TYT/TEM 10. A ve B iki küme olmak üzere 11. Ayşe, uçakla yapacağı bir yolculuk için aşağıdakilerden olduğu ve kendine uygun olanları seçerek biletleme işlemini tamamlamıştır.  kümesinin elemanlarından ikisinin toplamının 8 olduğu,  kümesinin elemanlarından ikisinin farkının 8 olduğu,  kümesinin elemanlarından ikisinin çarpımının 8 olduğu biliniyor. A kümesindeki elemanların toplamı B kümesindeki elemanların toplamına eşit olduğuna göre kümesindeki elemanların toplamı kaçtır? Bu bilgilerle ilgili p: Koltuk seçimi için ücret ödemiştir. q: Bagaj seçimi için ücret ödememiştir. r : Yemek seçimi için ücret ödemiştir. önermeleri veriliyor. önermesinin doğru olduğu bilindiğine göre Ayşe’nin koltuk, bagaj ve yemek seçimi sırasıyla aşağıdakilerden hangisidir? 25 Diğer sayfaya geçiniz. 2024-TYT/TEM 12. Dik koordinat düzleminde f, g ve h fonksiyonlarının 14. A, B ve C birbirinden farklı rakamlar olmak üzere grafikleri şekilde verilmiştir. A rakamı B rakamının, B rakamı ise C rakamının birer tam sayı katıdır. ABC üç basamaklı doğal sayısı 3 ile tam bölünebildiğine göre bu sayının rakamları çarpımı kaçtır? f, g ve h fonksiyonları için eşitsizlikleri sağlandığına göre aşağıdaki 15. Üç basamaklı bir doğal sayının onlar basamağındaki sıralamalardan hangisi doğrudur? rakamın karesi, bu doğal sayının birler ve yüzler oluşuyorsa bu doğal sayıya bitişik sayı denir. Örneğin 552 ve 255 birer bitişik sayıdır. toplamı kaçtır? 13. Üzerinde iki basamaklı sayıların yazılı olduğu bir tombala kartının görünümü şekilde verilmiştir. Bu kartın 1. satırında bulunan sayıların toplamı, 2. satırında bulunan sayıların toplamına eşittir. Buna göre toplamı kaçtır? 26 Diğer sayfaya geçiniz. 2024-TYT/TEM 16. Bir veri grubundaki sayılar küçükten büyüğe doğru 18. Düz bir zemin üzerinde bulunan iki merdivenden; 4 eş sıralandığında veri sayısı tek ise ortadaki sayıya, veri basamaktan oluşan Şekil 1’deki merdivenin üçüncü sayısı çift ise ortadaki iki sayının aritmetik ortalamasına basamağında ve 5 eş basamaktan oluşan Şekil 2’deki o veri grubunun medyanı (ortanc yerden yükseklikleri birbirine eşittir. Birbirinden farklı tam sayılardan oluşan ve küçükten büyüğe doğru sıralanmış veri grubunun aritmetik ortalaması ile medyanı ardışık tam sayılardır. Buna göre toplamı kaçtır? Bu merdivenlerin her bir basamağının üst yüzleri zemine paralel, yan yüzleri ise zemine diktir. Bu iki merdivenin en üstteki basamaklarının yerden yükseklikleri toplamı 124 cm olduğuna göre kedilerden birinin yerden yüksekliği kaç cm'dir? 17. 30 gün için bir yürüyüş planı yapan Merve, ilk gün belirli bir süre yürüyüp sonraki her gün bir önceki günden 1 dakika fazla yürümeyi planlamıştır. Bu plana ilk 15 gün boyunca uyan Merve, zorlanmaya başlamış ve geriye kalan her gün yürüyüş süresini bir önceki güne göre 1 dakika azaltmıştır. Merve, 30 günün sonunda yürüyüş süresini toplam 1395 dakika olarak hesaplamıştır. Buna göre Merve’nin ilk günkü yürüyüşü kaç dakika sürmüştür? 27 Diğer sayfaya geçiniz. 2024-TYT/TEM 19. Can’ın telefonunun arama kayıtları bölümünde, telefon 20. A ve B şirketleri, kuruluşlarından itibaren aynı sektörde görüşmesi yaptığı kişiler ve o kişilerle yaptığı telefon kesintisiz olarak faaliyet göstermektedir. 2021 yılında bu görüşmesi sayıları parantez içinde gösterilmektedir. iki şirketin sektörde geçirdikleri süreler hesaplanmıştır. Can’ın dün ve bugün yaptığı telefon görüşmeleri Bu hesaba göre A şirketinin sektörde geçirdiği süre, sırasıyla Şekil 1 ve Şekil 2'de verilmiştir. B şirketinin sektörde geçirdiği sürenin 5 katıdır. Aynı hesap 2024 yılında yapıldığında; A şirketinin sektörde geçirdiği süre, B şirketinin sektörde geçirdiği sürenin 4 katı olarak hesaplanmıştır. Buna göre A şirketi hangi yıl kurulmuştur? Can, dün yaptığı toplam görüşmelerin %40’ını Erhan’la, %20’sini ise Ahmet’le yapmıştır. 21. 19 kişilik bir sınıfta öğrenciler üç sorudan oluşan bir sınava girmiştir. Bu sınavda sorulardan biri 1 puan, biri Can’ın bu iki günde Erhan’la yaptığı toplam görüşme 2 puan, diğeri ise 3 puan değerindedir. Sadece doğru sayısı, bu iki gündeki toplam görüşmelerin %24’ü cevaplanan soruların puanları toplanarak her öğrencinin olduğuna göre bugün Erhan’la yaptığı görüşme puanı hesaplanmaktadır. Sınav sonucunda öğrencilerin sayısı kaçtır? aldığı puanlarla ilgili aşağıdakiler bilinmektedir.  Alınan en düşük puan 3'tür.  6 öğrenci 3 puan, 5 öğrenci ise 6 puan almıştır.  5 puan alan öğrenci sayısı, 4 puan alan öğrenci sayısına eşittir. 1 puanlık soruyu doğru cevaplayan öğrenci sayısı 11 olduğuna göre 3 puanlık soruyu doğru cevaplayan öğrenci sayısı kaçtır? 28 Diğer sayfaya geçiniz. 2024-TYT/TEM 22. Vücut kitle indeksi (VKİ), bir kişinin vücudundaki tahmini 23. Bir kentte bulunan fabrikaların her biri gıda, mobilya, yağ oranını gösteren bir hesaplama yöntemidir. Bu plastik ve tekstil alanlarından yalnızca birinde üretim yöntemde öncelikle kişinin kilogram türünden ağırlığı ve yapmaktadır. Bu fabrikaların üretim alanlarına göre metre türünden boy uzunluğu ölçülür. Daha sonra sayıca dağılımı Şekil 1’deki daire grafiğinde kişinin ağırlığının boyunun karesine bölünmesiyle gösterilmiştir. o kişiye ait VKİ hesaplanır. Aşağıdaki tabloda, belirli yaş aralıklarına göre ideal VKİ aralıkları verilmiştir. 30 yaşındaki İlayda’nın yaşına uygun en küçük ideal VKİ Bu fabrikaların toplam 54 tanesi ihracat yapmaktadır. değerindeki ağırlığı ile en büyük ideal VKİ değerindeki Her bir üretim alanı için o alanda üretim yapan ağırlığı arasındaki fark 12,8 kilogram olarak fabrikalardan ihracat yapanların sayısının, o alanda hesaplanmıştır. üretim yapan toplam fabrika sayısına oranı yüzde olarak Şekil 2’deki sütun grafiğinde gösterilmiştir. Buna göre İlayda’nın boyu kaç metredir? kaçtır? 29 Diğer sayfaya geçiniz. 2024-TYT/TEM 24. Bir okula cam ve plastik şişelerin geri dönüşümü için iki","Tarih, toplumdan ve kültürden bağımsız bir şekilde","İnsan, sürekli olan değişim süreciyle kendisini",D) E),"E) 2. Buna göre Selma’nın 12. adımı tamamladıktan sonra kullandığı toplam mandal sayısı, 10. adımı tamamladıktan sonra kullandığı toplam mandal sayısından kaç fazladır? A)",Ayrımları reddederek zıtlıkları uzlaştırmaya çalışması,,,TYT Matematik,,Matematik
"Müge’nin bilgisayarında 6 tane dosyanın yer aldığı tane geri dönüşüm kutusu konulmuştur. Bu kutulardan bir klasörün ekran görünümü aşağıdaki şekilde birine özdeş cam şişeler, diğerine ise özdeş plastik verilmiştir. şişeler boş olarak atılmıştır. Boş olan bu kutuların konulduğu ilk günün sonunda cam şişelerin olduğu kutudaki şişe sayısı, plastik şişelerin olduğu kutudaki şişe sayısının ’üne eşittir. Ayrıca ilk gün toplanan cam şişelerin toplam kütlesinin, plastik şişelerin toplam kütlesine oranı olarak hesaplanmıştır. Buna göre bir plastik şişenin kütlesi, bir cam şişenin kütlesinin kaç katıdır? Müge, bu klasördeki 6 dosyadan belirli sayıda dosyayı sildikten sonra kalan dosyaları boyutlarına göre küçükten büyüğe doğru sıralamıştır. Daha sonra bu dosyaları oluşturulma tarihine göre eski tarihten yeni tarihe doğru sıraladığında dosyaların sıralamasının değişmediğini görmüştür. Buna göre Müge bu 6 dosyadan en az kaç tanesini silmiştir? 25. Bir tenis turnuvasına katılan 20 tenisçiden her biri turnuvaya katılan diğer tenisçilerle birer kez karşılaşmıştır. Toplam 19 hakemin görevlendirildiği bu turnuvada, her bir karşılaşma için 3 hakem görevlendirilmiştir. Bu turnuvada tüm hakemler eşit sayıda karşılaşmada görev aldığına göre bir hakemin görev aldığı karşılaşma sayısı kaçtır? 30 Diğer sayfaya geçiniz. 2024-TYT/TEM",B) C) D) E),C) D) E),D) E),"E) Müge, bu klasördeki 6 dosyadan belirli sayıda dosyayı sildikten sonra kalan dosyaları boyutlarına göre küçükten büyüğe doğru sıralamıştır. Daha sonra bu dosyaları oluşturulma tarihine göre eski tarihten yeni tarihe doğru sıraladığında dosyaların sıralamasının değişmediğini görmüştür. Buna göre Müge bu 6 dosyadan en az kaç tanesini silmiştir? A) 1 B) 2 C)3 D)4 E) 5","Müge, bu klasördeki 6 dosyadan belirli sayıda dosyayı",,,TYT Matematik,,Matematik
"Akın ile Gökay, 1’den 10’a kadar olan doğal sayılarla dikdörtgen biçiminde olan aynı ebatlardaki sarı ve numaralandırılmış 10 topun bulunduğu bir torbadan top mavi renkli özdeş fayanslarla, fayanslar arasında boşluk çekerek bir oyun oynamaktadır. Torbadan iki top çeken kalmayacak biçimde tamamen kaplanacaktır. Akın, çektiği topların numaraları çarpımını Gökay’a Bu kaplama işlemi; şekilde gösterildiği gibi sırasıyla söyledikten sonra aralarında şöyle bir konuşma bir sıra sarı, bir sıra mavi fayans kullanılarak geçmiştir: tamamlanacaktır. Akın : Çektiğim topların numaralarını bulabilir misin? Gökay : Verdiğin bilgi yetersiz. Birden fazla çözüm var. Akın : Çektiğim topların numaraları toplamı 11 desem? Gökay : Tamam, şimdi kesin olarak buldum. Buna göre Akın’ın çektiği topların numaraları farkı Kaplama işlemi bittiğinde sarı fayansların kapladığı aşağıdakilerden hangisi olamaz? alanın, mavi fayansların kapladığı alana oranı olarak hesaplanmıştır. Buna göre bu duvardaki fayansların toplam sayısı kaçtır?",1 B) 3 C)5 D)7 E) 9,3 C)5 D)7 E) 9,,,9 hesaplanmıştır. Buna göre bu duvardaki fayansların toplam sayısı kaçtır? A) 56 B) 63 C)70 D)77 E) 84,,,TYT Matematik,,Matematik
"Duru, sınıfındaki öğrencilerden oluşturulabilecek tüm üç kişilik grupların 45 tanesinde kendisinin yer aldığını gözlemlemiştir. Buna göre Duru’nun sınıfındaki öğrencilerden oluşturulabilecek tüm üç kişilik grupların kaç tanesinde Duru bulunmamaktadır? 31 Diğer sayfaya geçiniz. 2024-TYT/TEM",20 B) 35 C)90 D)105 E) 120,35 C)90 D)105 E) 120,,,120,,,TYT Matematik,,Matematik
"Aynı evde yaşayan üç arkadaştan Erman 1 adet, 32. Görkem 2 adet ve Kerem 3 adet kargo paketi beklemektedir. Bu üç arkadaş, eve gelen 6 kargo paketinin üzerindeki alıcı bilgisi kısımlarını okumadan paketleri rastgele paylaşmıştır. Bu paylaşım sonucunda herkes beklediği sayıda kargo paketi almıştır. Buna göre bu üç arkadaştan her birinin beklediği paketleri almış olma olasılığı kaçtır? Kırmızı kenar uzunlukları birbirine eşit olan eş ABC ve DEF ikizkenar üçgenleri bir düzleme şekildeki gibi yerleştirildiğinde A noktası kenarı üzerine, F noktası kenarı üzerine gelmekte ve ile kenarları paralel olmaktadır. Buna göre x açısının ölçüsü kaç derecedir?",B) C) D) E),C) D) E),D) E),"E) DEF ikizkenar üçgenleri bir düzleme şekildeki gibi yerleştirildiğinde A noktası kenarı üzerine, F noktası kenarı üzerine gelmekte ve ile kenarları paralel olmaktadır. Buna göre x açısının ölçüsü kaç derecedir? A) 44 B) 45 C)46 D)47 E) 48",DEF ikizkenar üçgenleri bir düzleme şekildeki gibi,,,TYT Matematik,,Matematik
"Görkem 2 adet ve Kerem 3 adet kargo paketi beklemektedir. Bu üç arkadaş, eve gelen 6 kargo paketinin üzerindeki alıcı bilgisi kısımlarını okumadan paketleri rastgele paylaşmıştır. Bu paylaşım sonucunda herkes beklediği sayıda kargo paketi almıştır. Buna göre bu üç arkadaştan her birinin beklediği paketleri almış olma olasılığı kaçtır? Kırmızı kenar uzunlukları birbirine eşit olan eş ABC ve DEF ikizkenar üçgenleri bir düzleme şekildeki gibi yerleştirildiğinde A noktası kenarı üzerine, F noktası kenarı üzerine gelmekte ve ile kenarları paralel olmaktadır. Buna göre x açısının ölçüsü kaç derecedir? 31. Bir odanın dikdörtgen biçimindeki zemininin üstten görünümü şekilde verilmiştir. Bu odanın zeminine yerleştirilen bir lazer, 1. ışınını zemin boyunca",B) C) D) E),C) D) E),D) E),"E) DEF ikizkenar üçgenleri bir düzleme şekildeki gibi yerleştirildiğinde A noktası kenarı üzerine, F noktası kenarı üzerine gelmekte ve ile kenarları paralel olmaktadır. Buna göre x açısının ölçüsü kaç derecedir? A) 44 B) 45 C)46 D)47 E) 48",DEF ikizkenar üçgenleri bir düzleme şekildeki gibi,,,TYT Matematik,,Matematik
"Cem; kaykayını süslemek için kaykayın direksiyon gönderiyor ve sonraki her seferde zemine paralel çubuğunun uçlarından birine, aşağı sallanan kısmının biçimde sabit bir açıyla saat yönünde dönerek sıradaki uzunluğu 46 cm olan bir ip bağlamıştır. Kaykayın uzayıp ışınını şekildeki gibi gönderiyor. kısalabilen bağlantı direğinin uzunluğu Şekil 1'deki gibi 60 cm iken ipin yere en yakın noktasının bağlantı direğinin kaykayla birleştiği noktaya uzaklığı 50 cm olmaktadır. Lazerin gönderdiği 6. ışının 1. ışınla çakıştığı ve zeminin farklı kenarlarına isabet eden 2. ve 3. ışınların isabet ettikleri kenarlarla yaptıkları dar açıların ölçülerinin birbirine eşit olduğu görülüyor. Buna göre 4. ışının isabet ettiği kenarla yaptığı dar açının ölçüsü kaç derecedir? Cem, kaykayın bağlantı direğinin uzunluğunu Şekil 2’deki gibi artırdığında ipin yere en yakın noktasının bağlantı direğinin kaykayla birleştiği noktaya uzaklığı 80 cm olmuştur. Buna göre Şekil 2'deki bağlantı direğinin uzunluğu Şekil 1'deki bağlantı direğinin uzunluğundan kaç cm fazladır? 32 Diğer sayfaya geçiniz. 2024-TYT/TEM",54 B) 57 C)60 D)63 E) 66,57 C)60 D)63 E) 66,,,66 noktasının bağlantı direğinin kaykayla birleştiği noktaya uzaklığı 80 cm olmuştur. Buna göre Şekil 2'deki bağlantı direğinin uzunluğu Şekil 1'deki bağlantı direğinin uzunluğundan kaç cm fazladır? A) 30 B) 40 C)50 D)60 E) 70 32 Diğer sayfaya geçiniz. 2024-TYT/TEM,,,TYT Matematik,,Matematik
"İlkay; bir dağın yamacına tırmanırken kullandığı farklı renklerdeki üç halattan siyah ve mavi olanların bir ucunu zeminde aynı noktaya, diğer uçlarını yamacın farklı noktalarına sabitlemiştir. Kırmızı halatın bir ucunu mavi halatı yamaca sabitlediği noktaya, diğer ucunu ise siyah halatın üzerindeki bir noktaya, siyah halatın doğrusallığını bozmayacak Buna göre kartpostala yerleştirilen ilk iki fotoğrafın biçimde, şekildeki gibi sabitlemiştir. Şekil 3’te görünmeyen kısımlarının alanları toplamı kaç santimetrekaredir? Kırmızı halatın bir ucunun siyah halat üzerinde sabitlendiği noktanın, siyah halatın uçlarına olan uzaklıkları şekilde verilmiştir. Siyah ve mavi halat arasındaki açı, kırmızı halat ile yamaç arasındaki dar açıya eşit olduğuna göre siyah ve mavi halatların yamaca sabitlendiği noktalar arasındaki uzaklık kaç metredir? 33 Diğer sayfaya geçiniz.",26 B) 28 C)30 D)32 E) 34,28 C)30 D)32 E) 34,,,"34 Kırmızı halatın bir ucunun siyah halat üzerinde sabitlendiği noktanın, siyah halatın uçlarına olan uzaklıkları şekilde verilmiştir. Siyah ve mavi halat arasındaki açı, kırmızı halat ile yamaç arasındaki dar açıya eşit olduğuna göre siyah ve mavi halatların yamaca sabitlendiği noktalar arasındaki uzaklık kaç metredir? A) 60 B) 65 C)70 D)75 E) 80 33 Diğer sayfaya geçiniz.",,,TYT Matematik,,Matematik
"Özge, Denizli’nin tanıtımında kullanılacak bir kartpostal üçgenlere şanslı üçgen denir. hazırlamak istemektedir. Hazırlayacağı dikdörtgen biçimindeki kartpostalda kenar uzunlukları santimetre İç açılarından birinin ölçüsü vekenar türünden verilmiş Şekil 1’deki üç fotoğrafı kullanmayı uzunluklarından ikisi 4 ve 6 cm olan planlamaktadır. üçgenlerinden hangileri şanslı üçgendir? A)Yalnız I B)Yalnız II C)Yalnız III D)I ve II E)I ve III Özge, Şekil 1’deki fotoğraflardan ilk ikisini her iki fotoğrafın da tamamı görünecek ve aralarında boşluk kalmayacak biçimde Şekil 2’deki gibi yerleştirmiştir. Diğer fotoğrafı ise fotoğrafın tamamı görünecek biçimde Şekil 3’teki gibi yerleştirmiştir. 35. İlkay; bir dağın yamacına tırmanırken kullandığı farklı renklerdeki üç halattan siyah ve mavi olanların bir ucunu zeminde aynı noktaya, diğer uçlarını yamacın farklı noktalarına sabitlemiştir. Kırmızı halatın bir ucunu mavi halatı yamaca sabitlediği noktaya, diğer ucunu ise siyah halatın üzerindeki bir noktaya, siyah halatın doğrusallığını bozmayacak Buna göre kartpostala yerleştirilen ilk iki fotoğrafın biçimde, şekildeki gibi sabitlemiştir. Şekil 3’te görünmeyen kısımlarının alanları toplamı kaç santimetrekaredir? Kırmızı halatın bir ucunun siyah halat üzerinde sabitlendiği noktanın, siyah halatın uçlarına olan uzaklıkları şekilde verilmiştir. Siyah ve mavi halat arasındaki açı, kırmızı halat ile yamaç arasındaki dar açıya eşit olduğuna göre siyah ve mavi halatların yamaca sabitlendiği noktalar arasındaki uzaklık kaç metredir? 33 Diğer sayfaya geçiniz.",26 B) 28 C)30 D)32 E) 34,28 C)30 D)32 E) 34,,,"34 Kırmızı halatın bir ucunun siyah halat üzerinde sabitlendiği noktanın, siyah halatın uçlarına olan uzaklıkları şekilde verilmiştir. Siyah ve mavi halat arasındaki açı, kırmızı halat ile yamaç arasındaki dar açıya eşit olduğuna göre siyah ve mavi halatların yamaca sabitlendiği noktalar arasındaki uzaklık kaç metredir? A) 60 B) 65 C)70 D)75 E) 80 33 Diğer sayfaya geçiniz.",,,TYT Matematik,,Matematik
"Ahsen; marketten aldığı ve oda sıcaklığında ( 25 o 4 oC olan dış ortamdan ısıca yalıtılmış bir buzdolabına D)I ve II E)I ve III koyduğunda elektrikler kesiliyor. Elektrikler kesilmiş hâlde kapağı kapalı olan buzdolabındaki ürünleri birbirleriyle ısı alışverişi sona erene kadar yeterince bekletiyor. Isı alışverişi kesildiğinde 2. Farklı malzemeden yapılmış m, 2m ve 4m kütleli K, L I. Buzdolabının içinin sıcaklığı azalmıştır. ve M blokları yatay olarak ayrı ayrı uygulanan aynı F II. Süt, peynir ve zeytinin son sıcaklıkları birbirine kuvvetinin etkisi altında yatay beton zemin üzerinde eşittir. hareketsiz durmaktadır. Bloklar ile beton zemin arasındaki statik sürtünme katsayısının K bloğu için 1, III. Süt, peynir ve zeytin ortama aynı miktar ısı L bloğu için 0,5 ve M bloğu için ise 0,8 olduğu vermiştir. bilinmektedir. yargılarından hangileri kesinlikle doğrudur? F kuvvetine rağmen hareket etmeyen K, L ve M A)Yalnız I B)Yalnız II C)Yalnız III blokları ile yüzey arasında oluşan statik sürtünme kuvvetleri f , f ve f lerin büyüklük sıralaması K L M D)I ve II E)II ve III aşağıdakilerden hangisidir? A)f = f = f B)f > f > f C)f < f < f K L M K L M K L M D)f = f < f E)f = f > f K L M K L M 35 Diğer sayfaya geçiniz. 2024-TYT/FEN",,,"A)Yalnız I B)Yalnız II C)Yalnız III bulunan birer kutu süt, peynir ve zeytini içinin sıcaklığı",,,,,TYT Fen,,Fen Bilimleri
"Yeterince uzun ve gergin ideal bir yay üzerinde farklar ve üzerlerinden geçen akımı gösteren grafik oluşturulan bir dalganın t anındaki görüntüsü ile aşağıdaki gibidir. Bu teller kesilmeden ve şekilleri dalganın x doğrultulu ilerleme yönü şekildeki gibidir. değiştirilmeden kendileri ile aynı harfi taşıyan A, B ve C ampullerinin yapımında flaman olarak kullanılmıştır. Bu ampuller, iç direnci önemsiz bir üreteç ve bağlantı kabloları ile şekildeki elektrik devresi kurulmuştur. Buna göre yay üzerinde bulunan K, L ve M noktalarının titreşim yönleri aşağıdakilerin hangisinde doğru verilmiştir? A, B ve C ampullerinin sırasıyla, uçları arasındaki K L M V A , V B , V C potansiyel farkları ve P A , P B , P C birim zamanda harcadıkları elektrik enerjileri arasındaki ilişki aşağıdakilerden hangisidir? A)V > V > V B)V > V > V A B C A B C P > P > P P < P < P A B C A B C C)V A < V B < V C D)V A = V B = V C P > P > P P = P = P A B C A B C E)V = V = V A B C P < P < P A B C 36 Diğer sayfaya geçiniz. 2024-TYT/FEN",y -y y,-y y -y,y -y -y,-y y y,-y -y -y,,,TYT Fen,,Fen Bilimleri
"Aşağıdaki şekilde asal eksenleri çakışık çukur ayna, 9. Rutherford Atom Modeli’ne göre yakınsak mercek ve S ışık kaynağından oluşan bir I. Atomda pozitif yükler çekirdekte toplanmıştır. düzenek görülmektedir. Aynanın odak noktasında bulunan ışık kaynağından yayılan tek renkli kırmızı ışık, II. Atomda elektronlar orbitallerde bulunur. önce aynadan yansıyıp daha sonra mercekte kırılarak III. Atom hacminin büyük bir kısmı boşluktur. asal eksen üzerindeki K noktasında toplanacak şekilde bir yol izlemektedir. ifadelerinden hangileri doğrudur? A)Yalnız I B)Yalnız II C)I ve II D)I ve III E)II ve III 10. K ve L maddelerinin tanecikleri arasındaki etkileşimlerle ilgili bilgiler aşağıda verilmiştir. Bu sistemde aynanın odak noktasında bulunan ışık  K’nin tanecikleri arasında sadece indüklenmiş kaynağından tek renkli mavi ışık yayılsaydı ışık dipol-indüklenmiş dipol etkileşimi vardır. aynadan yansıyıp mercekten geçtikten sonra asal  L’nin tanecikleri arasında dipol-dipol etkileşimi eksenin neresinde toplanacak şekilde kırılırdı? vardır. Buna göre K ve L maddeleri aşağıdakilerden hangisi olabilir? ( H, C, O, F, N C)K noktasında K L D)T - K noktaları arasında 4 2 2 2 2 2",F noktasında,H O 2 2,Ne H O,H O HF 2,1 6 8 9 10,,,TYT Fen,,Fen Bilimleri
"Bir kap içinde derişik NaOH sulu çözeltisi bulunuyor. Bu çözeltiden X cam malzemesi kullanılarak 5 mL alınıyor ve Y cam malzemesi içine konuluyor. Daha sonra saf su ile hacim 1 L’ye tamamlanarak daha seyreltik bir çözelti elde ediliyor. Buna göre çözeltinin hazırlanmasında kullanılan X ve Y malzemeleri aşağıdakilerden hangisinde 11. Sıvı hâldeki etanol ile ilgili doğru verilmiştir? I. Açık bir kapta her sıcaklıkta buharlaşır. X Y II. Aynı koşullarda farklı yüzey alanına sahip eşit aynıdır. kabın hacmine bağlıdır. ifadelerinden hangileri doğrudur? 37 Diğer sayfaya geçiniz. 2024-TYT/FEN 12. Aşağıdaki çizelgede bazı gaz örneklerine ait bilgiler ve 14. Hidrojen florür (HF), standart şartlarda gaz hâlde bu gazlardaki oksijen atomu sayıları K, L ve M harfleriyle bulunan ve suda çözünebilen bir maddedir. temsil edilecek şekilde verilmiştir. Hidrojen florürün sulu çözeltisi ile ilgili aşağıdaki ifadelerden hangisi yanlıştır? oluşur. C)Mavi turnusol kâğıdının rengini kırmızıya çevirir. D)Aktif metallerle tepkimeye girerek H gazı açığa 2 çıkarır. Buna göre K, L ve M arasındaki ilişki aşağıdakilerin E)25 o C’de pH değeri 7’den büyüktür. hangisinde doğru verilmiştir? (Gazların ideal gaz olarak davrandığı varsayılacaktır. N O = 44 g/mol, Avogadro sayısı (N ) = 6,02x1023) 2 A A)K > L > M B)K > M > L C)L > K > M 15. Hücre çekirdeği ile ilgili D)M > K > L E)M > L > K I. İnsandaki olgun vücut hücrelerinin çekirdek sayısı aynıdır. II. İki katlı bir zar tarafından kuşatılmıştır. III. Tüm hücreler yaşamları boyunca çekirdeğe sahiptir. 13. Belirli bir sıcaklıkta, 80 gram tuz ile 120 gram su ifadelerinden hangileri doğrudur? karıştırılıyor. Daha fazla çözünme olmayıncaya kadar A)Yalnız I B)Yalnız II C)Yalnız III beklendiğinde tuzun 40 gramının, kabın dibinde çözünmeden kaldığı gözlemleniyor. D)I ve II E)II ve III Buna göre çözeltide tuzun kütlece yüzde derişimi kaçtır? (Suyun buharlaşmadığı varsayılacaktır.) 16. Aşağıdaki organik moleküllerden hangisi bir polimer değildir? A)Glikojen B)Kitin C)Nükleik asit D)Trigliserit E)Protein 38 Diğer sayfaya geçiniz. 2024-TYT/FEN 17. Canlıların sınıflandırılmasında en üst kategoriden 20. Şekilde farklı besin zincirlerinin bir araya gelerek alt kategorilere doğru gidildikçe aşağıdakilerden oluşturduğu bir besin ağı verilmiştir. hangisinin görülmesi beklenmez? C)Birey sayısı azalır. D)Taksonlar arasındaki protein benzerliği artar. Bu besin ağı ile ilgili aşağıdakilerden hangisi söylenemez? 18. Aşağıdakilerden hangisi eşeysiz üreme ile gerçekleşmez? C)M omnivor bir canlıdır. D)Bazı türler hem av hem de avcıdır. C)Deniz yıldızının kopan kolundan yeni bir birey oluşması canlılarla beslenmektedir. D)Hidralarda tomurcuklanma ile yeni bir bireyin oluşması 19. Hemofili, X kromozomu üzerindeki çekinik bir alel tarafından kalıtılan bir hastalıktır. Aşağıda bu hastalığın bir ailedeki kalıtımı gösterilmiştir. Buna göre 1 ve 2 numaralı bireylerin evliliğinden doğacak çocuğun hemofili olma olasılığı kaçtır? TEST BİTTİ. 39 CEVAPLARINIZI KONTROL EDİNİZ. 2024 TEMEL YETERLİLİK TESTİ (TYT) 2024 YKS 1. OTURUM TEMEL YETERLİLİK TESTİ (TYT) 08-06-2024 TÜRKÇE TESTİ SOSYAL BİLİMLER TESTİ TEMEL MATEMATİK TESTİ FEN BİLİMLERİ TESTİ 1. B 1. D 1. A 1. E 2. A 2. E 2. E 2. A 3. A 3. E 3. A 3. D 4. D 4. C 4. D 4. B 5. B 5. B 5. C 5. E 6. D 6. B 6. B 6. A 7. B 7. C 7. D 7. D 8. C 8. A 8. A 8. B",Erlenmayer Büret kütleli iki etanol örneğinin buharlaşma hızları,"Pipet Balon joje III.Etanolün denge buhar basıncı, içinde bulunduğu",Balon joje Büret,Beherglas Pipet A)Yalnız I B)Yalnız II C)Yalnız III,HF Ne,,,TYT Fen,,Fen Bilimleri
"K ve L maddelerinin tanecikleri arasındaki etkileşimlerle ilgili bilgiler aşağıda verilmiştir. Bu sistemde aynanın odak noktasında bulunan ışık  K’nin tanecikleri arasında sadece indüklenmiş kaynağından tek renkli mavi ışık yayılsaydı ışık dipol-indüklenmiş dipol etkileşimi vardır. aynadan yansıyıp mercekten geçtikten sonra asal  L’nin tanecikleri arasında dipol-dipol etkileşimi eksenin neresinde toplanacak şekilde kırılırdı? vardır. Buna göre K ve L maddeleri aşağıdakilerden hangisi olabilir? ( H, C, O, F, N C)K noktasında K L D)T - K noktaları arasında 4 2 2 2 2 2 8. Bir kap içinde derişik NaOH sulu çözeltisi bulunuyor. Bu çözeltiden X cam malzemesi kullanılarak 5 mL alınıyor ve Y cam malzemesi içine konuluyor. Daha sonra saf su ile hacim 1 L’ye tamamlanarak daha seyreltik bir çözelti elde ediliyor. Buna göre çözeltinin hazırlanmasında kullanılan X ve Y malzemeleri aşağıdakilerden hangisinde",F noktasında,H O 2 2,Ne H O,H O HF,1 6 8 9 10,,,TYT Fen,,Fen Bilimleri
Sıvı hâldeki etanol ile ilgili doğru verilmiştir? I. Açık bir kapta her sıcaklıkta buharlaşır. X Y II. Aynı koşullarda farklı yüzey alanına sahip eşit aynıdır. kabın hacmine bağlıdır. ifadelerinden hangileri doğrudur? 37 Diğer sayfaya geçiniz. 2024-TYT/FEN,Erlenmayer Büret kütleli iki etanol örneğinin buharlaşma hızları,"Pipet Balon joje III.Etanolün denge buhar basıncı, içinde bulunduğu",Balon joje Büret,Beherglas Pipet A)Yalnız I B)Yalnız II C)Yalnız III,Erlenmayer Huni D)I ve III E)II ve III,,,TYT Fen,,Fen Bilimleri
"Aşağıdaki çizelgede bazı gaz örneklerine ait bilgiler ve 14. Hidrojen florür (HF), standart şartlarda gaz hâlde bu gazlardaki oksijen atomu sayıları K, L ve M harfleriyle bulunan ve suda çözünebilen bir maddedir. temsil edilecek şekilde verilmiştir. Hidrojen florürün sulu çözeltisi ile ilgili aşağıdaki ifadelerden hangisi yanlıştır? oluşur. C)Mavi turnusol kâğıdının rengini kırmızıya çevirir. D)Aktif metallerle tepkimeye girerek H gazı açığa 2 çıkarır. Buna göre K, L ve M arasındaki ilişki aşağıdakilerin E)25 o C’de pH değeri 7’den büyüktür. hangisinde doğru verilmiştir? (Gazların ideal gaz olarak davrandığı varsayılacaktır. N O = 44 g/mol, Avogadro sayısı (N ) = 6,02x1023) 2 A A)K > L > M B)K > M > L C)L > K > M 15. Hücre çekirdeği ile ilgili D)M > K > L E)M > L > K I. İnsandaki olgun vücut hücrelerinin çekirdek sayısı aynıdır. II. İki katlı bir zar tarafından kuşatılmıştır. III. Tüm hücreler yaşamları boyunca çekirdeğe sahiptir.",Cam yüzeyleri aşındırır.,Sulu NaOH çözeltisi ile tepkimesinden tuz ve su,,,,,,TYT Fen,,Fen Bilimleri
"Belirli bir sıcaklıkta, 80 gram tuz ile 120 gram su ifadelerinden hangileri doğrudur? karıştırılıyor. Daha fazla çözünme olmayıncaya kadar A)Yalnız I B)Yalnız II C)Yalnız III beklendiğinde tuzun 40 gramının, kabın dibinde çözünmeden kaldığı gözlemleniyor. D)I ve II E)II ve III Buna göre çözeltide tuzun kütlece yüzde derişimi kaçtır? (Suyun buharlaşmadığı varsayılacaktır.) 16. Aşağıdaki organik moleküllerden hangisi bir polimer değildir? A)Glikojen B)Kitin C)Nükleik asit D)Trigliserit E)Protein 38 Diğer sayfaya geçiniz. 2024-TYT/FEN 17. Canlıların sınıflandırılmasında en üst kategoriden 20. Şekilde farklı besin zincirlerinin bir araya gelerek alt kategorilere doğru gidildikçe aşağıdakilerden oluşturduğu bir besin ağı verilmiştir. hangisinin görülmesi beklenmez? C)Birey sayısı azalır. D)Taksonlar arasındaki protein benzerliği artar. Bu besin ağı ile ilgili aşağıdakilerden hangisi söylenemez? 18. Aşağıdakilerden hangisi eşeysiz üreme ile gerçekleşmez? C)M omnivor bir canlıdır. D)Bazı türler hem av hem de avcıdır. C)Deniz yıldızının kopan kolundan yeni bir birey oluşması canlılarla beslenmektedir. D)Hidralarda tomurcuklanma ile yeni bir bireyin oluşması 19. Hemofili, X kromozomu üzerindeki çekinik bir alel tarafından kalıtılan bir hastalıktır. Aşağıda bu hastalığın bir ailedeki kalıtımı gösterilmiştir. Buna göre 1 ve 2 numaralı bireylerin evliliğinden doğacak çocuğun hemofili olma olasılığı kaçtır? TEST BİTTİ. 39 CEVAPLARINIZI KONTROL EDİNİZ. 2024 TEMEL YETERLİLİK TESTİ (TYT) 2024 YKS 1. OTURUM TEMEL YETERLİLİK TESTİ (TYT) 08-06-2024 TÜRKÇE TESTİ SOSYAL BİLİMLER TESTİ TEMEL MATEMATİK TESTİ FEN BİLİMLERİ TESTİ 1. B 1. D 1. A 1. E 2. A 2. E 2. E 2. A 3. A 3. E 3. A 3. D 4. D 4. C 4. D 4. B 5. B 5. B 5. C 5. E 6. D 6. B 6. B 6. A 7. B 7. C 7. D 7. D 8. C 8. A 8. A 8. B 9. C 9. D 9. C 9. D 10. C 10. C 10. B 10. C 11. E 11. B 11. E 11. A 12. D 12. D 12. A 12. D 13. C 13. D 13. E 13. B",20 B) 25 C)30 D)35 E) 40,25 C)30 D)35 E) 40,,,40 16. Aşağıdaki organik moleküllerden hangisi bir polimer değildir? A)Glikojen,,,TYT Fen,,Fen Bilimleri
"Hidrojen florür (HF), standart şartlarda gaz hâlde bu gazlardaki oksijen atomu sayıları K, L ve M harfleriyle bulunan ve suda çözünebilen bir maddedir. temsil edilecek şekilde verilmiştir. Hidrojen florürün sulu çözeltisi ile ilgili aşağıdaki ifadelerden hangisi yanlıştır? oluşur. C)Mavi turnusol kâğıdının rengini kırmızıya çevirir. D)Aktif metallerle tepkimeye girerek H gazı açığa 2 çıkarır. Buna göre K, L ve M arasındaki ilişki aşağıdakilerin E)25 o C’de pH değeri 7’den büyüktür. hangisinde doğru verilmiştir? (Gazların ideal gaz olarak davrandığı varsayılacaktır. N O = 44 g/mol, Avogadro sayısı (N ) = 6,02x1023) 2 A A)K > L > M B)K > M > L C)L > K > M",Cam yüzeyleri aşındırır.,Sulu NaOH çözeltisi ile tepkimesinden tuz ve su,,,,,,TYT Fen,,Fen Bilimleri
"Hücre çekirdeği ile ilgili D)M > K > L E)M > L > K I. İnsandaki olgun vücut hücrelerinin çekirdek sayısı aynıdır. II. İki katlı bir zar tarafından kuşatılmıştır. III. Tüm hücreler yaşamları boyunca çekirdeğe sahiptir. 13. Belirli bir sıcaklıkta, 80 gram tuz ile 120 gram su ifadelerinden hangileri doğrudur? karıştırılıyor. Daha fazla çözünme olmayıncaya kadar A)Yalnız I B)Yalnız II C)Yalnız III beklendiğinde tuzun 40 gramının, kabın dibinde çözünmeden kaldığı gözlemleniyor. D)I ve II E)II ve III Buna göre çözeltide tuzun kütlece yüzde derişimi kaçtır? (Suyun buharlaşmadığı varsayılacaktır.)",20 B) 25 C)30 D)35 E) 40,25 C)30 D)35 E) 40,,,,,,TYT Fen,,Fen Bilimleri
Canlıların sınıflandırılmasında en üst kategoriden 20. Şekilde farklı besin zincirlerinin bir araya gelerek alt kategorilere doğru gidildikçe aşağıdakilerden oluşturduğu bir besin ağı verilmiştir. hangisinin görülmesi beklenmez? C)Birey sayısı azalır. D)Taksonlar arasındaki protein benzerliği artar. Bu besin ağı ile ilgili aşağıdakilerden hangisi söylenemez?,Taksonlar arasındaki ortak özellikler azalır.,Taksonlar arasındaki akrabalık derecesi artar.,,,Canlı çeşitliliği azalır.,,,TYT Fen,,Fen Bilimleri
Aşağıdakilerden hangisi eşeysiz üreme ile gerçekleşmez? C)M omnivor bir canlıdır. D)Bazı türler hem av hem de avcıdır. C)Deniz yıldızının kopan kolundan yeni bir birey oluşması canlılarla beslenmektedir. D)Hidralarda tomurcuklanma ile yeni bir bireyin oluşması,Laktik asit bakterilerinin çoğalması,Birden fazla herbivor tür vardır.,,,"P türü, alt trofik basamaklardaki tüm",,,TYT Fen,,Fen Bilimleri
"Hemofili, X kromozomu üzerindeki çekinik bir alel tarafından kalıtılan bir hastalıktır. Aşağıda bu hastalığın bir ailedeki kalıtımı gösterilmiştir. Buna göre 1 ve 2 numaralı bireylerin evliliğinden doğacak çocuğun hemofili olma olasılığı kaçtır? TEST BİTTİ. 39 CEVAPLARINIZI KONTROL EDİNİZ. 2024 TEMEL YETERLİLİK TESTİ (TYT) 2024 YKS 1. OTURUM TEMEL YETERLİLİK TESTİ (TYT) 08-06-2024 TÜRKÇE TESTİ SOSYAL BİLİMLER TESTİ TEMEL MATEMATİK TESTİ FEN BİLİMLERİ TESTİ 1. B 1. D 1. A 1. E 2. A 2. E 2. E 2. A 3. A 3. E 3. A 3. D 4. D 4. C 4. D 4. B 5. B 5. B 5. C 5. E 6. D 6. B 6. B 6. A 7. B 7. C 7. D 7. D 8. C 8. A 8. A 8. B 9. C 9. D 9. C 9. D 10. C 10. C 10. B 10. C 11. E 11. B 11. E 11. A 12. D 12. D 12. A 12. D 13. C 13. D 13. E 13. B 14. B 14. E 14. B 14. E 15. D 15. B 15. D 15. B 16. D 16. A 16. A 16. D 17. A 17. C 17. C 17. A 18. D 18. E 18. C 18. E 19. C 19. D 19. B 19. C",1/16,1/8,,,1 TEST BİTTİ. 39 CEVAPLARINIZI KONTROL EDİNİZ. 2024 TEMEL YETERLİLİK TESTİ (TYT) 2024 YKS,,,TYT Fen,,Fen Bilimleri
"Şekilde farklı besin zincirlerinin bir araya gelerek alt kategorilere doğru gidildikçe aşağıdakilerden oluşturduğu bir besin ağı verilmiştir. hangisinin görülmesi beklenmez? C)Birey sayısı azalır. D)Taksonlar arasındaki protein benzerliği artar. Bu besin ağı ile ilgili aşağıdakilerden hangisi söylenemez? 18. Aşağıdakilerden hangisi eşeysiz üreme ile gerçekleşmez? C)M omnivor bir canlıdır. D)Bazı türler hem av hem de avcıdır. C)Deniz yıldızının kopan kolundan yeni bir birey oluşması canlılarla beslenmektedir. D)Hidralarda tomurcuklanma ile yeni bir bireyin oluşması 19. Hemofili, X kromozomu üzerindeki çekinik bir alel tarafından kalıtılan bir hastalıktır. Aşağıda bu hastalığın bir ailedeki kalıtımı gösterilmiştir. Buna göre 1 ve 2 numaralı bireylerin evliliğinden doğacak çocuğun hemofili olma olasılığı kaçtır? TEST BİTTİ. 39 CEVAPLARINIZI KONTROL EDİNİZ.",1/16,1/8,,,Canlı çeşitliliği azalır.,,,TYT Fen,,Fen Bilimleri
